Time,Pelvis,Right Hand,Left Hand,Head,Right Foot,Left Foot
0,[ 0.07054996 -0.11246005  1.        ],[ 0.4489794  -0.10028455  0.82004845],[-0.04736444  0.2599117   1.3803937 ],[ 0.1093978  -0.01707718  1.7131374 ],[ 0.19068639 -0.15542766  0.10912949],[ 0.00847707 -0.11931166  0.106713  ]
1,[ 0.06551836 -0.1005729   1.        ],[ 0.4439478  -0.0883974   0.82004845],[-0.05239605  0.27179885  1.3803937 ],[ 0.10436619 -0.00519003  1.7131374 ],[ 0.18565477 -0.14354052  0.10912949],[ 0.00344546 -0.10742451  0.106713  ]
2,[ 0.06061327 -0.08914173  1.        ],[ 0.48118865 -0.09185106  0.8532398 ],[-0.07212415  0.29976064  1.3889408 ],[9.5116161e-02 1.5786916e-03 1.7154711e+00],[ 0.17826425 -0.13412648  0.10536659],[-0.00178515 -0.09471256  0.10331738]
3,[ 0.05583794 -0.07815536  1.        ],[ 0.5236701  -0.07775136  0.8791739 ],[-0.08976574  0.33447447  1.3971492 ],[0.08364888 0.0088257  1.7203902 ],[ 0.1728187  -0.12721333  0.0972355 ],[-0.00674374 -0.08611079  0.09673297]
4,[ 0.05119561 -0.06760265  1.        ],[ 0.5576515  -0.09589942  0.95179355],[-0.1096369   0.35429317  1.4021306 ],[0.07046998 0.02155571 1.7219942 ],[ 0.16185871 -0.11967893  0.09042269],[-0.01579896 -0.07575472  0.09437132]
5,[ 0.04668951 -0.05747242  1.        ],[ 0.60440266 -0.12917776  1.0177304 ],[-0.15515119  0.36775595  1.4198512 ],[0.06182824 0.02932339 1.7296485 ],[ 0.15197928 -0.10603816  0.08746445],[-0.02011611 -0.06020172  0.09338331]
6,[ 0.04232289 -0.04775351  1.        ],[ 0.6226835  -0.12644202  1.1118007 ],[-0.19828685  0.39925456  1.4221046 ],[0.05476202 0.03329361 1.7311807 ],[ 0.150596   -0.10147255  0.09771889],[-0.01393387 -0.05955654  0.09917694]
7,[ 0.03809895 -0.03843476  1.        ],[ 0.6332911  -0.06573958  1.2089553 ],[-0.21030161  0.41947877  1.4322906 ],[0.04966568 0.03504865 1.7330027 ],[ 0.13938794 -0.10232729  0.10051787],[-0.00930418 -0.05034263  0.10213041]
8,[ 0.03402096 -0.02950499  1.        ],[0.593413   0.20511802 1.2591699 ],[-0.22558397  0.44535288  1.4449943 ],[0.0438242  0.04030582 1.728124  ],[ 0.12399304 -0.09017233  0.11186612],[-0.01269578 -0.03220657  0.11424494]
9,[ 0.03009214 -0.02095306  1.        ],[0.56554425 0.2550373  1.3182355 ],[-0.24387223  0.45934778  1.4540392 ],[0.03907888 0.04488826 1.7304809 ],[ 0.12298683 -0.08456814  0.11241639],[-0.01563402 -0.02553249  0.11278498]
10,[ 0.02631574 -0.01276779  1.        ],[0.552181   0.25659245 1.3805157 ],[-0.25916287  0.4679581   1.4691904 ],[0.03266346 0.04979229 1.7329255 ],[ 0.10952555 -0.0723505   0.11447549],[-0.02468116 -0.01349974  0.11742806]
11,[ 0.02269497 -0.00493803  1.        ],[0.55221045 0.2393335  1.4534107 ],[-0.26545906  0.48867932  1.4768682 ],[0.02885465 0.05404423 1.735126  ],[ 0.10002578 -0.06734922  0.11280072],[-0.03132401 -0.00153126  0.12031496]
12,[0.01923308 0.0025474  1.        ],[0.5501386  0.22823782 1.5221834 ],[-0.27308458  0.48600373  1.4962779 ],[0.02419445 0.05835058 1.7416579 ],[ 0.09030478 -0.0713403   0.10313392],[-0.04192526 -0.00062762  0.11339307]
13,[0.01593331 0.00969966 1.        ],[0.5321343  0.20907916 1.569037  ],[-0.2724264   0.50466853  1.5028746 ],[0.02254241 0.05353124 1.7435658 ],[ 0.08682907 -0.06452112  0.10483897],[-0.04639445  0.00038214  0.11515892]
14,[0.01279889 0.0165299  1.        ],[0.50454   0.2019078 1.6053104],[-0.28270078  0.48279983  1.5079691 ],[0.02037632 0.0609061  1.7436447 ],[ 0.08676849 -0.05014093  0.10617089],[-0.04700716  0.0124151   0.11311841]
15,[0.00983306 0.0230493  1.        ],[0.48081338 0.21269758 1.6148652 ],[-0.28218442  0.48179787  1.5145885 ],[0.01910844 0.06686551 1.7418209 ],[ 0.0816258  -0.04755573  0.10950482],[-0.05096594  0.01617498  0.11787093]
16,[0.00703905 0.02926902 1.        ],[0.4643133  0.24427055 1.6187309 ],[-0.2827046  0.4665514  1.5148692],[0.01601756 0.07188998 1.7415969 ],[ 0.07818389 -0.03814305  0.11320841],[-0.05255322  0.02448736  0.1200248 ]
17,[0.00442009 0.03520022 1.        ],[0.4357469  0.24534349 1.6210831 ],[-0.29067886  0.47832346  1.503732  ],[0.01151788 0.07817309 1.7395726 ],[ 0.07859246 -0.03437479  0.11491162],[-0.05292046  0.02417378  0.11962879]
18,[0.00197943 0.04085407 1.        ],[0.42938736 0.23582736 1.6227441 ],[-0.28973073  0.4891872   1.5029564 ],[0.00812828 0.08653465 1.7409179 ],[ 0.07815919 -0.03106078  0.11574554],[-0.05650672  0.0262672   0.11940891]
19,[-2.7970516e-04  4.6241727e-02  1.0000000e+00],[0.41971776 0.24215063 1.6123493 ],[-0.29666254  0.48923394  1.4976063 ],[0.00314971 0.09122881 1.7405343 ],[ 0.08112846 -0.02796898  0.115291  ],[-0.05704926  0.03006401  0.11769986]
20,[-0.00235408  0.05137435  1.        ],[0.41185275 0.23967521 1.6077658 ],[-0.30703375  0.4989573   1.4899826 ],[-0.00270498  0.09576897  1.7406913 ],[ 0.07614019 -0.02117773  0.11403561],[-0.05879228  0.04015187  0.11730766]
21,[-0.00424045  0.05626312  1.        ],[0.4053945  0.25911924 1.6070877 ],[-0.31094873  0.5029021   1.4847692 ],[-0.00988703  0.09865853  1.7417303 ],[ 0.07774822 -0.02203664  0.11228991],[-0.0587424   0.04189554  0.11624897]
22,[-0.00593558  0.06091919  1.        ],[0.39967602 0.25820646 1.6064938 ],[-0.30848357  0.5038948   1.4848976 ],[-0.01727093  0.10716768  1.7410047 ],[ 0.07703518 -0.01494525  0.11535078],[-0.05658036  0.04828503  0.11869997]
23,[-0.00743625  0.06535372  1.        ],[0.397257  0.2611991 1.6104112],[-0.31082883  0.50714093  1.4773432 ],[-0.02235754  0.11318293  1.7426695 ],[ 0.07275545 -0.00244233  0.11497819],[-0.05823967  0.05798295  0.11977595]
24,[-0.00873921  0.06957788  1.        ],[0.3963397  0.26683444 1.6059861 ],[-0.30494848  0.5087586   1.4791715 ],[-0.02565726  0.11933763  1.7425321 ],[0.07258407 0.00099773 0.11624968],[-0.05826542  0.06021602  0.12022614]
25,[-0.00984123  0.07360283  1.        ],[0.39316878 0.27583936 1.6119052 ],[-0.30003223  0.50816137  1.4810141 ],[-0.02725747  0.12429325  1.7434978 ],[0.07308972 0.00509648 0.11809826],[-0.05902417  0.06346384  0.12187028]
26,[-0.01073907  0.07743975  1.        ],[0.3908269  0.28071335 1.6114874 ],[-0.2946153  0.5051705  1.4817605],[-0.03039977  0.1277814   1.7439688 ],[0.07015437 0.00525041 0.1181469 ],[-0.05824275  0.06634458  0.12141126]
27,[-0.0114295   0.08109978  1.        ],[0.3821106  0.27125266 1.612152  ],[-0.2834714   0.51339746  1.485499  ],[-0.03267584  0.13055411  1.7436967 ],[0.07276949 0.00707701 0.11873007],[-0.05851775  0.0681701   0.12110078]
28,[-0.01190928  0.08459409  1.        ],[0.3819664 0.2763557 1.6113063],[-0.27862078  0.5230457   1.4853688 ],[-0.03489256  0.13355203  1.7437897 ],[0.07155655 0.00928076 0.11812019],[-0.05957818  0.06979557  0.12055683]
29,[-0.01217518  0.08793385  1.        ],[0.38254094 0.28463912 1.6061027 ],[-0.27221662  0.5188782   1.4878521 ],[-0.03412957  0.13850392  1.743021  ],[0.07831736 0.00901748 0.12128663],[-0.05736716  0.07036044  0.12235749]
30,[-0.01222396  0.09113023  1.        ],[0.38412663 0.3056577  1.5933361 ],[-0.27079752  0.51872057  1.489842  ],[-0.03395984  0.14062938  1.7447845 ],[0.07808831 0.01376638 0.11860919],[-0.05790214  0.07426533  0.11992514]
31,[-0.01205239  0.09419437  1.        ],[0.3908096 0.3091587 1.5903261],[-0.2703176  0.5369022  1.4793599],[-0.03332628  0.14491214  1.74474   ],[0.07617367 0.01253178 0.11320144],[-0.05569139  0.07919266  0.11782271]
32,[-0.01165723  0.09713747  1.        ],[0.3829134  0.30480623 1.5835134 ],[-0.26726842  0.54026425  1.4779421 ],[-0.03331512  0.14259793  1.7424073 ],[0.08065093 0.01589061 0.11364639],[-0.04929437  0.0855508   0.11823094]
33,[-0.01103524  0.09997065  1.        ],[0.38031605 0.3046749  1.5826523 ],[-0.26487502  0.54833776  1.4704638 ],[-0.0353314   0.14474924  1.7410903 ],[0.08339661 0.02237274 0.11701173],[-0.04484518  0.08889343  0.12033224]
34,[-0.01018319  0.10270511  1.        ],[0.38180292 0.3068236  1.5834236 ],[-0.26456386  0.56512344  1.4636095 ],[-0.03796569  0.15170127  1.740869  ],[0.08951586 0.02897631 0.11607867],[-0.043045    0.09194576  0.12139046]
35,[-0.00909784  0.10535201  1.        ],[0.38588062 0.31164548 1.5757635 ],[-0.25919902  0.5646529   1.4579256 ],[-0.03665434  0.15655293  1.740446  ],[0.08995001 0.03228392 0.11551517],[-0.04130733  0.09193435  0.12013602]
36,[-0.00777597  0.10792249  1.        ],[0.38598448 0.3175465  1.5688429 ],[-0.25243703  0.55828416  1.4529837 ],[-0.03534639  0.16467834  1.7384645 ],[0.09491203 0.03846907 0.11350751],[-0.03754155  0.09130489  0.11680889]
37,[-0.00621432  0.11042773  1.        ],[0.3862989  0.31971896 1.5655534 ],[-0.24965666  0.5654213   1.4420526 ],[-0.03617847  0.16529089  1.7371378 ],[0.10004136 0.04374313 0.11336529],[-0.03148864  0.09661411  0.11602539]
38,[-0.00440967  0.1128789   1.        ],[0.38807812 0.32745752 1.5631781 ],[-0.2423853   0.56052077  1.4418321 ],[-0.03437502  0.17053452  1.7363145 ],[0.10765271 0.05165026 0.11915231],[-0.02365941  0.10029063  0.1196931 ]
39,[-0.00235879  0.11528715  1.        ],[0.38331914 0.3375875  1.5566258 ],[-0.23129077  0.5597595   1.4400727 ],[-0.03503247  0.16791596  1.735484  ],[0.11143317 0.05154826 0.11807036],[-0.02024228  0.10133233  0.1193862 ]
40,[-5.84289519e-05  1.17663644e-01  1.00000000e+00],[0.3811433  0.33858868 1.5574116 ],[-0.23334567  0.568135    1.4287618 ],[-0.03782481  0.16715679  1.7345303 ],[0.1197071  0.0555484  0.11722088],[-0.01441569  0.10052081  0.11842799]
41,[0.00249464 0.12001956 1.        ],[0.38475353 0.33833957 1.5568173 ],[-0.23081371  0.56616676  1.4277905 ],[-0.03816257  0.17067695  1.7342503 ],[0.12583555 0.06501139 0.12002659],[-0.00889711  0.09828437  0.11949551]
42,[0.00530365 0.12236606 1.        ],[0.38829646 0.34087852 1.5550544 ],[-0.22483042  0.566691    1.4291344 ],[-0.03476428  0.17381077  1.7346598 ],[0.13523528 0.07557885 0.12353516],[-0.00126081  0.10531251  0.12151408]
43,[0.00837185 0.12471429 1.        ],[0.38511246 0.33917263 1.5501602 ],[-0.22029348  0.5731087   1.4235717 ],[-0.03277869  0.17643479  1.7322978 ],[0.1443184  0.08065537 0.12688696],[0.00512911 0.10837284 0.12210107]
44,[0.01170246 0.12707543 1.        ],[0.3879753 0.3210994 1.5505404],[-0.22097884  0.5828443   1.4138986 ],[-0.02947939  0.18217319  1.7299044 ],[0.15827826 0.09372925 0.13196814],[0.01419963 0.1229391  0.12390089]
45,[0.01529872 0.12946063 1.        ],[0.3968102  0.33179462 1.5386264 ],[-0.21708497  0.5950645   1.4070566 ],[-0.02396392  0.18785107  1.7293789 ],[0.16909595 0.10174739 0.13123357],[0.02066808 0.13088673 0.12215054]
46,[0.01916387 0.13188107 1.        ],[0.40135667 0.33311376 1.5338422 ],[-0.21942836  0.6034971   1.3938279 ],[-0.01765112  0.19547732  1.7285392 ],[0.18200801 0.11822613 0.13072741],[0.02810666 0.13795526 0.11908555]
47,[0.02330114 0.13434792 1.        ],[0.40252954 0.3249333  1.5325861 ],[-0.21355207  0.60843843  1.3943957 ],[-0.01362849  0.19778055  1.7281682 ],[0.19105886 0.12057096 0.13081574],[0.03003483 0.14126301 0.1189034 ]
48,[0.02771376 0.1368723  1.        ],[0.4060539  0.32048938 1.530535  ],[-0.21513818  0.60576725  1.3936174 ],[-0.01063074  0.19910903  1.7269484 ],[0.20087704 0.11846264 0.12541878],[0.03193204 0.13926835 0.11481935]
49,[0.03240499 0.13946544 1.        ],[0.4059608 0.3352984 1.5256764],[-0.20835209  0.5974597   1.3907075 ],[-0.00319816  0.20348422  1.7260692 ],[0.2106682  0.11698042 0.12368166],[0.03912562 0.14198337 0.11266136]
50,[0.04183045 0.15182176 1.        ],[0.41609368 0.33729854 1.5371463 ],[-0.20605904  0.6171357   1.3925704 ],[0.00386517 0.21573958 1.7256991 ],[0.22192082 0.12592354 0.12031001],[0.04614843 0.1413987  0.11174846]
51,[0.04923106 0.1646797  1.        ],[0.42037317 0.34789413 1.5360984 ],[-0.20088893  0.6153899   1.391028  ],[0.01356161 0.2285232  1.7229376 ],[0.2361081  0.14162326 0.12081504],[0.05931539 0.13786149 0.10927665]
52,[0.05722437 0.18044303 1.        ],[0.41960016 0.40145403 1.5304763 ],[-0.19907464  0.64144814  1.3937628 ],[0.02402253 0.24740975 1.726788  ],[0.24182966 0.1681209  0.11761206],[0.06539097 0.14612024 0.10402209]
53,[0.065856  0.1953162 1.       ],[0.42282256 0.4158265  1.5308372 ],[-0.2057204  0.647866   1.3947612],[0.03668081 0.264979   1.7261909 ],[0.25100365 0.18905699 0.12093437],[0.06900638 0.1531074  0.1085552 ]
54,[0.07493238 0.21320678 1.        ],[0.42722252 0.4498596  1.5318141 ],[-0.20711814  0.6691195   1.3933458 ],[0.04547304 0.28350154 1.7276801 ],[0.2614366  0.21109344 0.12054789],[0.07951298 0.16073515 0.11059058]
55,[0.08401476 0.230281   1.        ],[0.4289554  0.49142468 1.5368769 ],[-0.21432771  0.6820646   1.3950865 ],[0.05477243 0.29930544 1.7287403 ],[0.26355457 0.22279274 0.1155051 ],[0.08029305 0.1570189  0.10845983]
56,[0.09342206 0.24300037 1.        ],[0.42489716 0.52288365 1.5460064 ],[-0.22245768  0.6852805   1.3912876 ],[0.06627402 0.31571472 1.7271574 ],[0.2627304  0.24424194 0.11650091],[0.08651478 0.16854714 0.1094386 ]
57,[0.10296694 0.25631884 1.        ],[0.4145595 0.5556824 1.5648408],[-0.23486832  0.68027896  1.3864298 ],[0.08234711 0.32788798 1.7254522 ],[0.2621263  0.2682205  0.11813092],[0.09225408 0.18508276 0.11088991]
58,[0.11261154 0.27147737 1.        ],[0.4116401  0.59002537 1.5673443 ],[-0.24660967  0.670532    1.382648  ],[0.09559216 0.345269   1.7257168 ],[0.25457746 0.28302005 0.11769205],[0.09063578 0.19415657 0.11404049]
59,[0.12243763 0.2868574  1.        ],[0.4073166 0.6124165 1.5757282],[-0.25260004  0.67236614  1.3720682 ],[0.10623662 0.35755298 1.7275134 ],[0.24975336 0.29308334 0.11821544],[0.09667726 0.20320645 0.11361516]
60,[0.13223858 0.29486522 1.        ],[0.38867074 0.6385414  1.5869741 ],[-0.26680923  0.65283084  1.3705392 ],[0.11358488 0.3594856  1.7272093 ],[0.24204299 0.31223175 0.11794776],[0.09537075 0.2013831  0.11295569]
61,[0.14208579 0.3011194  1.        ],[0.37841007 0.6650876  1.583719  ],[-0.2761879  0.619629   1.3685052],[0.12325142 0.36623293 1.7242022 ],[0.22837687 0.32585478 0.11921799],[0.09404116 0.20985723 0.11478037]
62,[0.15215336 0.3003929  1.        ],[0.35081154 0.67872804 1.5742917 ],[-0.28709716  0.5737343   1.3595502 ],[0.13141242 0.36837777 1.7213643 ],[0.20838243 0.30664894 0.11385393],[0.09105369 0.19898447 0.1137535 ]
63,[0.1620864  0.29849973 1.        ],[0.33998817 0.71753836 1.5644403 ],[-0.28718272  0.54112893  1.3500733 ],[0.13572313 0.36400393 1.7210047 ],[0.17720637 0.329492   0.11258584],[0.07261486 0.19399336 0.11681741]
64,[0.17204398 0.29030505 1.        ],[0.3005624 0.6915853 1.5612384],[-0.28843224  0.5256729   1.3381815 ],[0.13565771 0.36035272 1.715044  ],[0.1581715  0.30931446 0.10893607],[0.05747751 0.16791226 0.11600256]
65,[0.18171225 0.2863365  1.        ],[0.2627199  0.70456666 1.546251  ],[-0.27874255  0.49417183  1.314716  ],[0.1235825  0.34641358 1.710826  ],[0.14470446 0.29301783 0.11469388],[0.04599425 0.1534885  0.12245214]
66,[0.19139871 0.28002003 1.        ],[0.20762286 0.7131899  1.5477622 ],[-0.26986715  0.46647862  1.3046343 ],[0.14142202 0.34346834 1.7088293 ],[0.14116691 0.2655461  0.10917544],[0.03913869 0.12269549 0.11803758]
67,[0.20117179 0.27150783 1.        ],[0.15210788 0.74797934 1.5375004 ],[-0.24338293  0.45758918  1.2920514 ],[0.14700732 0.33849618 1.7097697 ],[0.1458044  0.2575743  0.11183321],[0.04458851 0.10891111 0.12359035]
68,[0.2108371  0.26587236 1.        ],[0.12203427 0.7124627  1.5248332 ],[-0.2209267  0.4135865  1.2836748],[0.15764615 0.3475551  1.7114716 ],[0.14812978 0.2460671  0.11604983],[0.04690582 0.09783215 0.12735933]
69,[0.22049937 0.26352152 1.        ],[0.08942064 0.7268906  1.5238814 ],[-0.20160043  0.353107    1.2841147 ],[0.17212924 0.3467209  1.7179617 ],[0.14833364 0.24036805 0.11612463],[0.06482696 0.08004133 0.1312952 ]
70,[0.23014265 0.25917792 1.        ],[0.06042173 0.70247996 1.5047894 ],[-0.17990229  0.31488514  1.2742447 ],[0.18383227 0.33079386 1.7149177 ],[0.15418865 0.23256588 0.12846601],[0.08327513 0.06994642 0.149198  ]
71,[0.23965469 0.25853977 1.        ],[0.04848665 0.697306   1.4891617 ],[-0.15818223  0.29011998  1.273375  ],[0.19279818 0.33273914 1.7118465 ],[0.15432143 0.23010209 0.12564802],[0.1009195  0.04934159 0.14931035]
72,[0.24917498 0.2561435  1.        ],[0.02337118 0.70979494 1.4866139 ],[-0.13726673  0.26334733  1.2816335 ],[0.20302397 0.3237521  1.7171005 ],[0.14946172 0.24509318 0.1344775 ],[0.13767841 0.06503362 0.16672099]
73,[0.25855264 0.2512569  1.        ],[-0.01505332  0.6634351   1.4878509 ],[-0.11942025  0.23654094  1.2782991 ],[0.20772703 0.31961134 1.7213697 ],[0.14989027 0.22714522 0.1223914 ],[0.18292315 0.06711581 0.15538478]
74,[0.26783973 0.25010818 1.        ],[-0.03584613  0.5721285   1.4978976 ],[-0.09201087  0.19906373  1.2980384 ],[0.22678171 0.329768   1.7175846 ],[0.15025626 0.2149014  0.14101505],[0.2507422  0.05400629 0.16031265]
75,[0.2769667  0.24254772 1.        ],[-0.05246746  0.5645064   1.4814157 ],[-0.07465833  0.17941448  1.3010334 ],[0.22942886 0.32998034 1.7164677 ],[0.15135945 0.19052038 0.13654542],[0.26457384 0.04176864 0.1531061 ]
76,[0.28596336 0.23515491 1.        ],[-0.07636017  0.498788    1.4838943 ],[-0.02145719  0.23773657  1.2894104 ],[0.23647065 0.3245365  1.7169816 ],[0.15341483 0.19306771 0.13674104],[0.32247436 0.03722482 0.14742231]
77,[0.29476872 0.2344287  1.        ],[-0.0850073   0.46644396  1.4821078 ],[-0.01235314  0.25602132  1.3100952 ],[0.24104819 0.31650192 1.7138791 ],[0.14867286 0.17399198 0.14934218],[0.34693596 0.02732032 0.14776063]
78,[0.3034243  0.22930972 1.        ],[-0.09655987  0.41603082  1.4718895 ],[-0.01373153  0.20991586  1.3326315 ],[0.24551956 0.31597602 1.7116683 ],[0.14659438 0.1627829  0.154867  ],[0.36430413 0.00858378 0.1468842 ]
79,[0.31210282 0.22531456 1.        ],[-0.1091514  0.3750016  1.4692808],[0.03631624 0.19655544 1.2801641 ],[0.25575334 0.31778824 1.705725  ],[0.1447283  0.12769002 0.14871562],[ 0.3796066  -0.00770503  0.14334595]
80,[0.32103607 0.22294724 1.        ],[-0.12897435  0.3586747   1.4707555 ],[0.02218428 0.21985245 1.2988467 ],[0.24765778 0.30902153 1.70519   ],[0.1346977  0.13591504 0.15303779],[ 0.35970896 -0.00103403  0.15179133]
81,[0.33023888 0.21778052 1.        ],[-0.13887262  0.32954273  1.4681563 ],[0.01221036 0.19851868 1.3217351 ],[0.24677837 0.29450408 1.703923  ],[0.12565067 0.10679321 0.15246952],[ 0.3600919  -0.00948496  0.14966899]
82,[0.33965844 0.21184738 1.        ],[-0.13896823  0.29936028  1.4699141 ],[0.01395223 0.19236912 1.3241124 ],[0.25105304 0.28211057 1.7032886 ],[0.12908885 0.08208943 0.15000963],[ 0.37343556 -0.02524792  0.14409423]
83,[0.34932473 0.20904596 1.        ],[-0.14547871  0.27512857  1.4714024 ],[0.01068004 0.17922826 1.3370485 ],[0.2555202  0.27306482 1.7067579 ],[0.13517572 0.08231755 0.15120173],[ 0.375974   -0.02990632  0.14377534]
84,[0.35919413 0.2062422  1.        ],[-0.15160683  0.24662244  1.465051  ],[0.03522852 0.14410889 1.3096738 ],[0.26349247 0.26217544 1.7056121 ],[0.14274059 0.06608915 0.15426624],[ 0.36910608 -0.03012526  0.14507365]
85,[0.36926693 0.20058496 1.        ],[-0.14452296  0.2173412   1.4773543 ],[0.09069509 0.09936751 1.2554219 ],[0.26938462 0.25452185 1.703108  ],[0.16311945 0.04248393 0.15387928],[ 0.38155857 -0.04449748  0.15066868]
86,[0.37972164 0.19248204 1.        ],[-0.1346798  0.1771354  1.4634038],[0.1773366  0.01147536 1.1805971 ],[0.2776171  0.24601118 1.7003486 ],[0.19511254 0.01472668 0.144983  ],[ 0.3899451  -0.05817207  0.14607406]
87,[0.39060977 0.18182337 1.        ],[-0.10986135  0.10939682  1.4553897 ],[ 0.19639246 -0.02811848  1.2086308 ],[0.2922435 0.2328819 1.7018031],[ 0.24667355 -0.01839291  0.13826036],[ 0.4053896  -0.07909655  0.14569962]
88,[0.401685   0.17227057 1.        ],[-0.08851833  0.08764365  1.4558567 ],[ 0.21446452 -0.05367623  1.2378007 ],[0.3064263  0.21669152 1.7029495 ],[ 0.28250563 -0.03419385  0.12979323],[ 0.4156195  -0.09369085  0.13781601]
89,[0.41288468 0.16847299 1.        ],[-0.05560986  0.05098562  1.4727591 ],[ 0.23961242 -0.07967515  1.2805848 ],[0.3200629 0.2049536 1.7053463],[ 0.32281256 -0.03688641  0.13100547],[ 0.4343293  -0.09271391  0.1374734 ]
90,[0.42429474 0.1599029  1.        ],[-0.0214726   0.01145002  1.4840341 ],[ 0.2800502  -0.12562254  1.3198433 ],[0.34005332 0.20267603 1.7066067 ],[ 0.3536563  -0.04512397  0.1274305 ],[ 0.45765907 -0.09879712  0.13686496]
91,[0.43595785 0.1523798  1.        ],[ 0.01041597 -0.04640991  1.4694767 ],[ 0.35962    -0.17873962  1.3433208 ],[0.358698   0.19152825 1.699104  ],[ 0.3838429  -0.04964966  0.12914646],[ 0.48063627 -0.09143228  0.13798153]
92,[0.4479153  0.14891288 1.        ],[ 0.05140191 -0.06983879  1.4894435 ],[ 0.42589542 -0.17333725  1.379632  ],[0.37532458 0.18870822 1.7007563 ],[ 0.40676194 -0.05411318  0.12664247],[ 0.50300556 -0.09259918  0.13877064]
93,[0.4603288  0.14288421 1.        ],[ 0.08077367 -0.07982426  1.4735727 ],[ 0.46621126 -0.16182463  1.380142  ],[0.39056775 0.1786306  1.6972771 ],[ 0.42351753 -0.06338029  0.12205386],[ 0.51963764 -0.09707969  0.13720089]
94,[0.4729618  0.14098826 1.        ],[ 0.11369005 -0.11784825  1.4642875 ],[ 0.4909512  -0.15730116  1.3813341 ],[0.4010404  0.17413405 1.6957021 ],[ 0.43380764 -0.0759208   0.12470561],[ 0.5280961  -0.09235761  0.13686454]
95,[0.4858572  0.13653918 1.        ],[ 0.1605708  -0.09764944  1.4657954 ],[ 0.5225005  -0.14453469  1.3810639 ],[0.421827   0.17339064 1.6882768 ],[ 0.45951346 -0.09607886  0.12127066],[ 0.56059873 -0.09438823  0.13243574]
96,[0.49918073 0.12324937 1.        ],[ 0.20000353 -0.14165823  1.4498835 ],[ 0.5404454  -0.13828354  1.3954253 ],[0.4434166  0.16515084 1.6917245 ],[ 0.47860476 -0.10453609  0.1242131 ],[ 0.5855495  -0.08517651  0.1302706 ]
97,[0.5124568  0.10553219 1.        ],[ 0.27891153 -0.16485481  1.4369559 ],[ 0.5682534  -0.13409059  1.4049716 ],[0.4672128 0.1423542 1.6931654],[ 0.5112217  -0.1270452   0.12788266],[ 0.6336892  -0.07654313  0.13399988]
98,[0.5255456  0.09996381 1.        ],[ 0.41625163 -0.13935146  1.446476  ],[ 0.5842206  -0.11547694  1.425303  ],[0.4880215  0.12893459 1.6920451 ],[ 0.5301528  -0.14158544  0.12630033],[ 0.6619306  -0.06268916  0.13261259]
99,[0.53834265 0.09608874 1.        ],[ 0.4400004  -0.16844264  1.4335786 ],[ 0.7237641  -0.16168538  1.3972938 ],[0.5126492  0.12827459 1.6983699 ],[ 0.5624891  -0.1450459   0.12467742],[ 0.696483   -0.01921049  0.13555908]
100,[0.5510245  0.09685598 1.        ],[ 0.4327925 -0.1730003  1.4495703],[ 0.78315705 -0.11531933  1.4276145 ],[0.53559786 0.13184044 1.7016032 ],[ 0.5829817  -0.15605137  0.12121171],[0.7214982  0.00143937 0.1342609 ]
101,[0.5634447  0.10796192 1.        ],[ 0.46466967 -0.16824886  1.4555497 ],[ 0.81985205 -0.08583662  1.4340429 ],[0.55859774 0.13000289 1.7105812 ],[ 0.59875685 -0.14221713  0.11599249],[0.74992156 0.05188993 0.13341403]
102,[0.5757258  0.10796845 1.        ],[ 0.5117749  -0.18332922  1.4430884 ],[ 0.8632138 -0.0727303  1.4456851],[0.581327   0.13530993 1.7164785 ],[ 0.61703414 -0.14085329  0.12195897],[0.7674017  0.07913971 0.13584387]
103,[0.5878487  0.10329913 1.        ],[ 0.60047394 -0.19414736  1.4231157 ],[ 0.9016984 -0.0472051  1.4577502],[0.606207   0.12709747 1.7242311 ],[ 0.6436899  -0.17875172  0.14691365],[0.7934683  0.09989952 0.14214492]
104,[0.5996996  0.10313342 1.        ],[ 0.6647019  -0.19769028  1.3851777 ],[ 0.9423957 -0.0301589  1.4564959],[0.6321997  0.13907966 1.7216405 ],[ 0.68608075 -0.19887927  0.15892506],[0.8184165  0.12258694 0.14952242]
105,[0.6111771  0.10900141 1.        ],[ 0.7174483  -0.16769105  1.3631899 ],[0.9685041  0.01603944 1.4541771 ],[0.6488223  0.14679867 1.7211008 ],[ 0.68474907 -0.22699982  0.15429348],[0.80874956 0.12097628 0.13900745]
106,[0.62242    0.09239775 1.        ],[ 0.7732259 -0.1540919  1.3315423],[1.0083327  0.02707392 1.4508022 ],[0.6693723  0.13065457 1.7180765 ],[ 0.73300815 -0.2620811   0.17834795],[0.8321643  0.10286319 0.13754189]
107,[0.6334215  0.07661165 1.        ],[ 0.8100663  -0.16181421  1.3049316 ],[1.0411249  0.02688849 1.45204   ],[0.6858999  0.11724389 1.7222112 ],[ 0.7717226  -0.2719369   0.19213998],[0.8446942  0.09419418 0.13529706]
108,[0.64404494 0.05535036 1.        ],[ 0.84235126 -0.17480177  1.3203125 ],[1.0615687  0.01562709 1.4483404 ],[0.6999634  0.09250504 1.7246828 ],[ 0.805335   -0.27003688  0.1901117 ],[0.8538517  0.07941914 0.13490635]
109,[0.6541266  0.04334167 1.        ],[ 0.8929739 -0.1552839  1.3500698],[1.0738775  0.01512626 1.4448278 ],[0.71343714 0.08102361 1.7225769 ],[ 0.826333   -0.27499244  0.1947115 ],[0.86451185 0.06108365 0.13457328]
110,[0.6637385  0.03468799 1.        ],[ 0.9048799  -0.10552359  1.3850393 ],[1.0682997  0.02802932 1.4435475 ],[0.7186578  0.08106016 1.7170657 ],[ 0.8360395  -0.2504542   0.18638015],[0.8660737  0.03819489 0.13586617]
111,[0.6727211  0.03068304 1.        ],[ 0.9343162  -0.09459054  1.3466403 ],[1.0702653  0.05460227 1.4448636 ],[0.7285966  0.08135986 1.7130411 ],[ 0.8485556  -0.26184833  0.18522209],[0.86304456 0.03543758 0.1357984 ]
112,[0.68168944 0.01697231 1.        ],[ 0.97899234 -0.03543019  1.3783693 ],[1.0665771  0.08772374 1.4456306 ],[0.7352948  0.07063294 1.7063173 ],[ 0.85857874 -0.2837479   0.18945652],[ 0.86214304 -0.00096118  0.1367181 ]
113,[ 0.69046855 -0.01378915  1.        ],[0.9994345  0.01055536 1.4043257 ],[1.0662082  0.07853732 1.448836  ],[0.7418982  0.05173633 1.7091465 ],[ 0.8690253  -0.3275049   0.18932194],[ 0.8559409  -0.02289882  0.12915432]
114,[ 0.6991935  -0.03405883  1.        ],[1.0167191  0.02928815 1.3874321 ],[1.0527977  0.05843363 1.4336988 ],[0.7502505  0.04055402 1.7008725 ],[ 0.89328    -0.3794451   0.19316709],[ 0.8547649  -0.05142667  0.115749  ]
115,[ 0.7078119  -0.04636014  1.        ],[1.0125562  0.03450178 1.3785498 ],[1.0516034  0.10887956 1.44719   ],[0.74493873 0.0353338  1.7052225 ],[ 0.89345783 -0.3637737   0.18998569],[ 0.84255725 -0.07625557  0.11443412]
116,[ 0.7164763  -0.05442227  1.        ],[1.0110589  0.02942531 1.3398924 ],[1.043901   0.11158352 1.4563112 ],[0.74890226 0.03512864 1.7059646 ],[ 0.89164245 -0.36460906  0.19147998],[ 0.83852893 -0.09821231  0.11847574]
117,[ 0.7250102 -0.0597322  1.       ],[1.0060831  0.03870421 1.3097286 ],[1.0400171  0.12726486 1.4497759 ],[0.75919    0.03035784 1.701815  ],[ 0.90217763 -0.32679594  0.17196369],[ 0.8332909  -0.10756564  0.12079203]
118,[ 0.73373413 -0.06516016  1.        ],[1.0221896  0.07869392 1.3749692 ],[1.0337235  0.16913436 1.4732318 ],[0.7670432 0.0212624 1.7091582],[ 0.93180615 -0.3033669   0.1497488 ],[ 0.8301595  -0.10597575  0.10890448]
119,[ 0.7428312 -0.0776656  1.       ],[1.034867   0.06409802 1.3637592 ],[1.0312905  0.19034085 1.4810421 ],[0.7773925 0.0083808 1.7138429],[ 0.9598142  -0.26870283  0.15186727],[ 0.8240528  -0.09760437  0.10862309]
120,[ 0.7520104 -0.080433   1.       ],[1.0384353 0.0679837 1.3649855],[1.0259339 0.1817344 1.4720919],[0.78516155 0.00350239 1.7101376 ],[ 0.98179525 -0.23861592  0.15087086],[ 0.8124858  -0.08610587  0.11425352]
121,[ 0.76131785 -0.08902947  1.        ],[ 1.0712783  -0.00195423  1.3873192 ],[1.0090004  0.18811515 1.4806697 ],[ 0.7967753  -0.00742713  1.7210667 ],[ 1.019896   -0.22324303  0.14450008],[ 0.8103676  -0.10620848  0.10860151]
122,[ 0.7707438  -0.10404765  1.        ],[ 1.0950313  -0.03475105  1.3986101 ],[0.9996153  0.18288751 1.4825227 ],[ 0.8013572  -0.02514504  1.7241492 ],[ 1.0365268  -0.22055016  0.1420762 ],[ 0.8106507  -0.14485179  0.10597509]
123,[ 0.7803349  -0.12095095  1.        ],[ 1.133344   -0.09804334  1.4171042 ],[0.9974437  0.20018344 1.4797585 ],[ 0.81050533 -0.04130604  1.7263699 ],[ 1.0430052  -0.20481141  0.14498526],[ 0.79743904 -0.17068608  0.11400688]
124,[ 0.78992736 -0.14219196  1.        ],[ 1.1566173  -0.13096233  1.4216957 ],[0.9910222  0.17497443 1.4767233 ],[ 0.80907935 -0.05952765  1.7260065 ],[ 1.0420518 -0.2168131  0.1390028],[ 0.78749    -0.20618023  0.11277258]
125,[ 0.7996097  -0.14595264  1.        ],[ 1.1783648  -0.17516953  1.4357405 ],[0.9838755  0.18430054 1.4780674 ],[ 0.81464446 -0.06187904  1.7251666 ],[ 1.0354215  -0.23805398  0.12598217],[ 0.7760347  -0.22353321  0.10242325]
126,[ 0.8092931  -0.16198401  1.        ],[ 1.1904852  -0.17923062  1.4461701 ],[0.96160626 0.20840587 1.4777904 ],[ 0.8207588  -0.08258693  1.7288654 ],[ 1.0230495  -0.2519415   0.12439072],[ 0.7726368 -0.235094   0.1027987]
127,[ 0.8190854  -0.17628847  1.        ],[ 1.2065835  -0.18121623  1.4560289 ],[0.95269567 0.23094304 1.4801736 ],[ 0.81575733 -0.0861824   1.7280288 ],[ 1.0211695  -0.25997865  0.1270963 ],[ 0.7765738  -0.24246715  0.10825431]
128,[ 0.8289609  -0.17848925  1.        ],[ 1.2224095 -0.1701852  1.4524639],[0.93569666 0.25700665 1.4649558 ],[ 0.8229872 -0.0936306  1.7275323],[ 1.0166584  -0.26932138  0.12226504],[ 0.77874315 -0.22709577  0.11078972]
129,[ 0.83872306 -0.184198    1.        ],[ 1.2425044  -0.16869603  1.4473791 ],[0.93649936 0.22797753 1.4743085 ],[ 0.8347578  -0.10248541  1.7274841 ],[ 1.0188481  -0.2779323   0.12770939],[ 0.7965987  -0.21398972  0.12602395]
130,[ 0.8486953  -0.18572061  1.        ],[ 1.2668456  -0.16408943  1.455814  ],[0.9187107  0.23225875 1.4681449 ],[ 0.83959323 -0.10072528  1.7246289 ],[ 1.0183104  -0.2846914   0.13377088],[ 0.8172189  -0.20059852  0.13420492]
131,[ 0.85885257 -0.1761536   1.        ],[ 1.2957252  -0.16045511  1.4642527 ],[0.9024116 0.2563889 1.4563793],[ 0.8568285  -0.09512699  1.7275771 ],[ 1.0216975  -0.29270476  0.13168782],[ 0.8426801  -0.19466406  0.1319378 ]
132,[ 0.8689994  -0.17289747  1.        ],[ 1.3151724  -0.14793684  1.4631797 ],[0.87597764 0.23180197 1.4789047 ],[ 0.8680739  -0.09591532  1.7339382 ],[ 1.0201585  -0.30469692  0.12810463],[ 0.87373686 -0.18342532  0.12154591]
133,[ 0.87886125 -0.17110041  1.        ],[ 1.3303214  -0.15215817  1.4789418 ],[0.8277261 0.2271367 1.4714804],[ 0.8784155  -0.09640517  1.7347194 ],[ 1.0151021 -0.2952812  0.1290701],[ 0.90271515 -0.16403863  0.12172008]
134,[ 0.88846326 -0.14885929  1.        ],[ 1.3482975  -0.11783805  1.4932745 ],[0.79901755 0.276274   1.4439024 ],[ 0.88605607 -0.07303485  1.7288816 ],[ 1.0055617  -0.28534016  0.124228  ],[ 0.9298875  -0.12994596  0.11534226]
135,[ 0.89785117 -0.15062158  1.        ],[ 1.3528614  -0.10548924  1.4912477 ],[0.77516186 0.2614478  1.455748  ],[ 0.89148474 -0.08868049  1.7279346 ],[ 0.9991394  -0.30124438  0.11924517],[ 0.9551625  -0.11460136  0.11069846]
136,[ 0.9070223  -0.15060067  1.        ],[ 1.3737612  -0.10978258  1.515049  ],[0.75908774 0.2420981  1.4698293 ],[ 0.89868176 -0.08718288  1.7279629 ],[ 0.9928364  -0.30864644  0.12691957],[ 0.9950349  -0.11125052  0.11344045]
137,[ 0.9156621  -0.14641646  1.        ],[ 1.3644366  -0.03221633  1.5204028 ],[0.7360139  0.24739423 1.4768118 ],[ 0.89769685 -0.08806517  1.7295914 ],[ 0.9647914  -0.31572863  0.13683784],[ 0.9919974  -0.07770129  0.1288011 ]
138,[ 0.92394257 -0.13398477  1.        ],[1.351628   0.01400568 1.5283203 ],[0.72620845 0.22190449 1.4990733 ],[ 0.9060277  -0.07363043  1.738414  ],[ 0.9706807  -0.3126885   0.15274286],[ 1.007692   -0.06337462  0.12994444]
139,[ 0.93168813 -0.11366984  1.        ],[1.3564719  0.05711457 1.5381143 ],[0.6990948  0.23905984 1.481051  ],[ 0.8996411 -0.0576109  1.7329085],[ 0.97929776 -0.303973    0.15974087],[ 1.0201148  -0.05575505  0.12690383]
140,[ 0.93861806 -0.09707974  1.        ],[1.3469057  0.12257035 1.5433358 ],[0.66343826 0.21502616 1.459447  ],[ 0.9124422 -0.0458623  1.733587 ],[ 0.9896339  -0.29086125  0.17796576],[ 1.0085841  -0.04962073  0.12817466]
141,[ 0.9449071  -0.08282764  1.        ],[1.3365389  0.16452199 1.5460123 ],[0.6263546 0.2355547 1.4355624],[ 0.92063606 -0.034612    1.7338889 ],[ 1.018197   -0.26376337  0.18371457],[ 1.0008792  -0.05762536  0.12439215]
142,[ 0.9507353  -0.06232093  1.        ],[1.3209587  0.22835328 1.5404572 ],[0.60338104 0.25478932 1.422685  ],[ 0.9245476  -0.00946919  1.735459  ],[ 1.0322646  -0.23071681  0.19482541],[ 1.0009595  -0.05926059  0.12550724]
143,[ 0.9557577  -0.04779064  1.        ],[1.2973145 0.2659582 1.5408971],[0.5981973 0.2711563 1.4180171],[0.93067104 0.00898028 1.7352766 ],[ 1.0500597  -0.21243167  0.18647867],[ 1.0034503  -0.0633304   0.13130516]
144,[ 0.96002114 -0.03898772  1.        ],[1.2904713  0.30203745 1.5274539 ],[0.5850902  0.26125625 1.3856003 ],[0.9472031  0.03342596 1.7369388 ],[ 1.0665535  -0.18993029  0.1609239 ],[ 0.9884709  -0.05556127  0.12565267]
145,[ 0.9637396 -0.0120014  1.       ],[1.250253   0.35139275 1.5314281 ],[0.5780539  0.26038164 1.3925693 ],[0.9537743  0.05367792 1.7322643 ],[ 1.0924735  -0.16834676  0.15145183],[ 0.98442805 -0.07818258  0.1238274 ]
146,[0.96672267 0.0162534  1.        ],[1.178545   0.39287913 1.5252132 ],[0.57424957 0.22027628 1.3892996 ],[0.9511377  0.07278548 1.7216592 ],[ 1.0848364  -0.06619973  0.15326327],[ 0.9576961  -0.08420368  0.14292884]
147,[0.9687065  0.03104732 1.        ],[1.1385666 0.4093775 1.5236214],[0.57452434 0.20636275 1.3767891 ],[0.95101345 0.08402286 1.7241058 ],[ 1.0685735  -0.03029665  0.14318758],[ 0.9424606  -0.09761091  0.13803774]
148,[0.97001565 0.05157629 1.        ],[1.0882472 0.4327735 1.5248871],[0.5745517  0.21210518 1.361275  ],[0.9527921  0.10216186 1.7253158 ],[1.0639209e+00 9.7874319e-04 1.4438802e-01],[ 0.9253705  -0.10656007  0.1492483 ]
149,[0.9702653  0.06716426 1.        ],[1.0368116  0.44112116 1.5168142 ],[0.58073497 0.19760604 1.3544375 ],[0.94890153 0.10948463 1.7240711 ],[1.0179572  0.04901452 0.13483119],[ 0.9005739  -0.10811906  0.15598279]
150,[0.96961504 0.07623255 1.        ],[0.9862304  0.45116812 1.5149707 ],[0.58956164 0.20982444 1.3333485 ],[0.94538516 0.13085073 1.7196181 ],[0.97362286 0.09708273 0.1308937 ],[ 0.88619703 -0.1186362   0.1646167 ]
151,[0.9679635  0.08705597 1.        ],[0.92033565 0.4864058  1.5151689 ],[0.6013041  0.21436554 1.3340299 ],[0.9312847  0.16168088 1.7199161 ],[0.9385969  0.13605815 0.1319257 ],[ 0.8718833  -0.12337453  0.16687042]
152,[0.9652902  0.09092675 1.        ],[0.84389174 0.52625006 1.5087785 ],[0.6042482  0.15193759 1.3335204 ],[0.92336386 0.17209445 1.7145274 ],[0.9083949  0.10588448 0.1267637 ],[ 0.85875994 -0.16147877  0.17260861]
153,[0.9613879 0.0983879 1.       ],[0.7860876  0.51823384 1.4821582 ],[0.6224458  0.17680514 1.2949209 ],[0.91409135 0.17609453 1.7083926 ],[0.8981297  0.08285642 0.11578161],[ 0.83833325 -0.15963387  0.17599922]
154,[0.95619065 0.09095066 1.        ],[0.7114461  0.45659852 1.4765389 ],[0.6178248  0.13112092 1.2980969 ],[0.89431596 0.1496324  1.7083535 ],[0.8827345  0.06210583 0.12047011],[ 0.8086756  -0.20638019  0.18968898]
155,[0.9499394  0.08355493 1.        ],[0.67127967 0.40388197 1.4720198 ],[0.6310266  0.09170664 1.3105683 ],[0.8725217  0.14529552 1.7113264 ],[0.8664766  0.06273318 0.11609018],[ 0.79442453 -0.2271441   0.19544548]
156,[0.94252867 0.06882575 1.        ],[0.57554984 0.37465075 1.4343954 ],[0.64872694 0.05331972 1.2708979 ],[0.8507738  0.13972798 1.7016981 ],[0.8560284  0.02995875 0.1191439 ],[ 0.7709543  -0.24741778  0.2016437 ]
157,[0.93390137 0.05521371 1.        ],[0.5258826  0.33205655 1.4238396 ],[0.6395617  0.05320921 1.2767432 ],[0.836618   0.12696029 1.6943822 ],[0.83770484 0.00908687 0.12573475],[ 0.75920683 -0.25992057  0.20721424]
158,[0.9240947  0.04613451 1.        ],[0.4798708  0.26910606 1.4089646 ],[0.5551442  0.04769275 1.2971624 ],[0.8128856 0.11132   1.6978076],[ 0.82149565 -0.01698568  0.12492013],[ 0.76711804 -0.2664025   0.20043087]
159,[0.9130372  0.03216244 1.        ],[0.42193705 0.18762185 1.4061044 ],[0.5074306  0.04405357 1.3051337 ],[0.79596233 0.09668858 1.7001886 ],[ 0.80736274 -0.03482078  0.11937785],[ 0.77439314 -0.2671945   0.17974734]
160,[0.90091807 0.03995473 1.        ],[0.3788377  0.13612117 1.387043  ],[0.49942327 0.035509   1.2807895 ],[0.7744309  0.09112681 1.6963356 ],[ 0.778871   -0.02235269  0.12821865],[ 0.7901392  -0.20691966  0.16671479]
161,[0.88770324 0.03132579 1.        ],[0.34616008 0.09878305 1.3738955 ],[ 0.53155726 -0.02444102  1.2936376 ],[0.74825275 0.07558093 1.6972451 ],[ 0.75535154 -0.06566801  0.12267727],[ 0.8453343  -0.24293996  0.14993435]
162,[0.8732648 0.0329079 1.       ],[0.34140578 0.02613765 1.3507291 ],[ 0.59827304 -0.08020467  1.2295375 ],[0.73699856 0.06814355 1.678483  ],[ 0.738019   -0.10641092  0.1447441 ],[ 0.86470467 -0.25476116  0.16288596]
163,[0.8577542  0.04301939 1.        ],[ 0.3380844  -0.06437101  1.3515561 ],[ 0.6348594 -0.1125442  1.1823251],[0.7182703  0.05785451 1.6787876 ],[ 0.73552203 -0.1163192   0.13740051],[ 0.8853906  -0.21440402  0.16033334]
164,[0.84134454 0.03941395 1.        ],[ 0.32799828 -0.10816119  1.35356   ],[ 0.6510084 -0.1508113  1.1792418],[0.71142846 0.04654803 1.685076  ],[ 0.72794425 -0.14065324  0.13923466],[ 0.9082921  -0.19096981  0.16663104]
165,[0.8242588  0.05068004 1.        ],[ 0.3160866  -0.14884496  1.3217565 ],[ 0.6327186  -0.16822255  1.1903355 ],[0.693285   0.04531538 1.6895616 ],[ 0.7278133  -0.14759564  0.12708163],[ 0.9040979  -0.13918352  0.15482652]
166,[0.806216  0.0586199 1.       ],[ 0.32810637 -0.1856124   1.3252647 ],[ 0.63596094 -0.19384558  1.2075019 ],[0.68463874 0.04857223 1.6899887 ],[ 0.7246865  -0.15795954  0.12935787],[ 0.8884414  -0.11915906  0.14582676]
167,[0.7873759  0.06417378 1.        ],[ 0.3203718  -0.19501404  1.3111792 ],[ 0.67638713 -0.26628736  1.2573318 ],[0.6741426  0.05589028 1.693253  ],[ 0.69877905 -0.13924079  0.13342166],[ 0.8639292  -0.11309639  0.13493425]
168,[0.76796335 0.06261074 1.        ],[ 0.34367314 -0.23251128  1.3234155 ],[ 0.68198824 -0.27917445  1.2897156 ],[0.66830635 0.05370199 1.6964006 ],[ 0.68144304 -0.15964615  0.15667504],[ 0.827338   -0.0632701   0.14537024]
169,[0.74791384 0.05795845 1.        ],[ 0.37182814 -0.2521403   1.348968  ],[ 0.69879293 -0.26252857  1.350441  ],[0.6642938  0.05107864 1.6922154 ],[ 0.6822385  -0.18101075  0.1441186 ],[ 0.81285536 -0.08615163  0.12462527]
170,[0.72724384 0.05401605 1.        ],[ 0.36930856 -0.27436316  1.3498957 ],[ 0.69868106 -0.27408266  1.3554168 ],[0.64950156 0.04395616 1.6951195 ],[ 0.64183617 -0.17892456  0.16594964],[ 0.7715071  -0.08550453  0.13375169]
171,[0.70609623 0.04369124 1.        ],[ 0.39745784 -0.2823675   1.3507893 ],[ 0.7118455  -0.25640574  1.3773263 ],[0.6309004  0.01524004 1.6873469 ],[ 0.63637257 -0.19547884  0.15576655],[ 0.7350584  -0.08565918  0.12523234]
172,[0.68451107 0.03455577 1.        ],[ 0.48322138 -0.26189688  1.3747244 ],[ 0.70945966 -0.23984684  1.3934331 ],[0.6179923  0.00303612 1.6860971 ],[ 0.6324128  -0.22198714  0.16701871],[ 0.72184306 -0.09933593  0.12629086]
173,[0.6625551  0.03457084 1.        ],[ 0.49845523 -0.26974514  1.3729118 ],[ 0.6887262  -0.23421922  1.392606  ],[ 0.6003812  -0.00585488  1.6819305 ],[ 0.6093837  -0.23454276  0.17104185],[ 0.69224536 -0.0923591   0.12168694]
174,[0.6404582  0.02787448 1.        ],[ 0.5007897  -0.27397615  1.3745935 ],[ 0.69820315 -0.22819857  1.3978951 ],[ 0.5882975  -0.01383775  1.685658  ],[ 0.59801793 -0.2591402   0.17190707],[ 0.67015666 -0.0932216   0.12013328]
175,[0.6182851 0.0271382 1.       ],[ 0.45632195 -0.30886653  1.3538032 ],[ 0.7083905  -0.23248997  1.3969811 ],[ 0.5726458  -0.01410464  1.6885225 ],[ 0.5964929  -0.2661511   0.17255855],[ 0.6614394  -0.09177914  0.12504977]
176,[0.5960949  0.02385869 1.        ],[ 0.4209591  -0.32520756  1.349576  ],[ 0.72349197 -0.21905968  1.4100474 ],[ 0.55743533 -0.00688741  1.6957498 ],[ 0.60315734 -0.27660343  0.17468745],[ 0.6520505  -0.09442935  0.1301946 ]
177,[0.5741923  0.01356196 1.        ],[ 0.44013965 -0.3144393   1.3728639 ],[ 0.8662172  -0.22042453  1.3831912 ],[ 0.54476255 -0.00879371  1.6993946 ],[ 0.6054069  -0.28806543  0.16361874],[ 0.65536016 -0.12374473  0.11996377]
178,[0.5526722  0.01105633 1.        ],[ 0.45706972 -0.32916448  1.3396759 ],[ 0.8622922 -0.1966686  1.4098783],[ 0.53528064 -0.0092201   1.7027097 ],[ 0.6125966  -0.27902576  0.17273259],[ 0.6739476  -0.12701318  0.13094902]
179,[ 0.5313846 -0.002472   1.       ],[ 0.48407245 -0.3232496   1.346002  ],[ 0.8844783  -0.19015767  1.419898  ],[ 0.5216281  -0.01211728  1.7014267 ],[ 0.6001643  -0.28145877  0.15972108],[ 0.6767879  -0.13975431  0.12626565]
180,[ 0.5102292  -0.01589277  1.        ],[ 0.5183904  -0.32476285  1.3080935 ],[ 0.8802379 -0.1746737  1.4286407],[ 0.5138532  -0.02185371  1.7010897 ],[ 0.5995666  -0.30003932  0.16132927],[ 0.6918733  -0.1605747   0.13298452]
181,[ 0.48916337 -0.0303815   1.        ],[ 0.55930185 -0.30331373  1.2856034 ],[ 0.87340766 -0.14330971  1.4319003 ],[ 0.5049452  -0.01966351  1.6971748 ],[ 0.58671147 -0.3032174   0.15894824],[ 0.69462806 -0.15747762  0.13248146]
182,[ 0.46829242 -0.03701425  1.        ],[ 0.5868918  -0.28964758  1.2554811 ],[ 0.8679202  -0.11217248  1.4354984 ],[ 0.49193636 -0.02412605  1.7004164 ],[ 0.58105314 -0.30797756  0.15407765],[ 0.69294053 -0.16143978  0.13068563]
183,[ 0.4475758  -0.05239667  1.        ],[ 0.58244437 -0.3021313   1.2001948 ],[ 0.86067307 -0.06617249  1.4504122 ],[ 0.47743693 -0.04108466  1.7084575 ],[ 0.55891234 -0.32611394  0.15579695],[ 0.68934566 -0.16591324  0.13997209]
184,[ 0.42707494 -0.05661465  1.        ],[ 0.663365   -0.20989902  1.3071585 ],[0.83735436 0.00361459 1.460959  ],[ 0.46567902 -0.02787049  1.708885  ],[ 0.5684367  -0.3080973   0.16260797],[ 0.7084383  -0.13578983  0.15528154]
185,[ 0.40684634 -0.07200394  1.        ],[ 0.70267165 -0.12843065  1.352891  ],[0.8149641  0.05896374 1.4719559 ],[ 0.45578206 -0.03871784  1.7013161 ],[ 0.55188555 -0.3300598   0.17758971],[ 0.7014796  -0.14702992  0.17411262]
186,[ 0.38675308 -0.07988429  1.        ],[ 0.7120921  -0.06767482  1.3908983 ],[0.79363847 0.07378101 1.4920671 ],[ 0.44381854 -0.03046685  1.7011893 ],[ 0.539313   -0.33150285  0.17998356],[ 0.6976415  -0.12269181  0.17732835]
187,[ 0.36695525 -0.09629082  1.        ],[0.6200851  0.01789261 1.279712  ],[0.74865717 0.12223161 1.4761689 ],[ 0.41972628 -0.03987109  1.6976602 ],[ 0.51452    -0.33625996  0.18935162],[ 0.687652   -0.10544788  0.18464327]
188,[ 0.3474936 -0.1096638  1.       ],[ 0.6351142  -0.09237386  1.2714136 ],[0.7019952  0.15224735 1.4933147 ],[ 0.41093948 -0.04387875  1.7091165 ],[ 0.5022019  -0.33726245  0.18084955],[ 0.67122144 -0.09549291  0.16373694]
189,[ 0.32853606 -0.1308677   1.        ],[ 0.6317326 -0.0596522  1.2708552],[0.6456792  0.18420495 1.4914074 ],[ 0.39120948 -0.06827038  1.711669  ],[ 0.47876605 -0.35180354  0.1732297 ],[ 0.6236905  -0.08763319  0.1413225 ]
190,[ 0.30997258 -0.15144704  1.        ],[ 0.64330363 -0.08326492  1.295052  ],[0.5630438  0.20379843 1.4977531 ],[ 0.37324122 -0.09126387  1.7199061 ],[ 0.46652985 -0.31789312  0.16779858],[ 0.56219494 -0.06194559  0.143291  ]
191,[ 0.29189575 -0.17062555  1.        ],[ 0.64644885 -0.13662969  1.3011832 ],[0.5091563  0.18418385 1.5030414 ],[ 0.35675374 -0.10037277  1.7165265 ],[ 0.43870005 -0.33477423  0.15966547],[ 0.4853548  -0.09702561  0.13025391]
192,[ 0.27418423 -0.19509886  1.        ],[ 0.66638184 -0.20470493  1.3119391 ],[0.4306439  0.22561772 1.5064347 ],[ 0.3414056  -0.12071573  1.7209346 ],[ 0.45259744 -0.35954636  0.16108835],[ 0.41669357 -0.10028618  0.1225965 ]
193,[ 0.25672475 -0.20473382  1.        ],[ 0.65897936 -0.23505977  1.3291233 ],[0.38792455 0.19147608 1.5030439 ],[ 0.3218213  -0.12572154  1.7266366 ],[ 0.43462467 -0.3849093   0.16025937],[ 0.35434702 -0.12444809  0.11914951]
194,[ 0.23973481 -0.21677771  1.        ],[ 0.6559959  -0.24351415  1.3413663 ],[0.33475015 0.19963947 1.5063602 ],[ 0.28985822 -0.13983843  1.7257538 ],[ 0.421481   -0.40281674  0.14441264],[ 0.3090853  -0.17416903  0.10220945]
195,[ 0.22305518 -0.2320765   1.        ],[ 0.6570494  -0.20958045  1.3579357 ],[0.268519  0.2307547 1.5051616],[ 0.27306587 -0.15737835  1.7359345 ],[ 0.415687   -0.42301932  0.13949513],[ 0.24850978 -0.1739774   0.10115576]
196,[ 0.20623158 -0.21748593  1.        ],[ 0.65909785 -0.20707521  1.366159  ],[0.1923347  0.24554774 1.499338  ],[ 0.2504563 -0.1502411  1.7409408],[ 0.4018682  -0.37864873  0.14672965],[ 0.19156307 -0.18446735  0.11103392]
197,[ 0.18969792 -0.22064923  1.        ],[ 0.6307358  -0.19076954  1.3808286 ],[0.11489921 0.24267377 1.5064814 ],[ 0.22626571 -0.16202877  1.7420143 ],[ 0.37044725 -0.39265296  0.1304996 ],[ 0.14005865 -0.23554133  0.09650189]
198,[ 0.17346476 -0.2228675   1.        ],[ 0.62950975 -0.18834426  1.3852092 ],[0.06292652 0.21763538 1.5113885 ],[ 0.20740096 -0.1713192   1.7521772 ],[ 0.3646766  -0.36231038  0.12772083],[ 0.12997982 -0.23790951  0.09753346]
199,[ 0.15723515 -0.22948645  1.        ],[ 0.6104566  -0.16342638  1.4186361 ],[0.0136759  0.18073578 1.5276992 ],[ 0.1787856  -0.16561906  1.7552665 ],[ 0.3418951  -0.3659296   0.13040167],[ 0.09946842 -0.2485063   0.09669834]
200,[ 0.14105734 -0.23990458  1.        ],[ 0.5809872  -0.11497896  1.4288749 ],[-0.02800667  0.1564852   1.5330248 ],[ 0.16026475 -0.17145187  1.7532234 ],[ 0.3289014 -0.3626358  0.1251241],[ 0.07843985 -0.24283165  0.10279804]
201,[ 0.12492747 -0.27374065  1.        ],[ 0.5512087  -0.10998161  1.4453603 ],[-0.07583218  0.0906124   1.5273225 ],[ 0.1392104  -0.20787944  1.7553308 ],[ 0.31533056 -0.3913554   0.12249494],[ 0.07283229 -0.26987624  0.10369313]
202,[ 0.10886279 -0.3156733   1.        ],[ 0.5140063  -0.09886218  1.4616227 ],[-0.13526267  0.01773863  1.5224278 ],[ 0.12483551 -0.24990195  1.7561026 ],[ 0.3006991  -0.4559335   0.12477171],[ 0.07592797 -0.33381778  0.1055491 ]
203,[ 0.09291948 -0.35910526  1.        ],[ 0.47205734 -0.07752933  1.4777846 ],[-0.19173646 -0.10508289  1.5288311 ],[ 0.11240736 -0.29369208  1.7578405 ],[ 0.30648324 -0.51330304  0.11439508],[ 0.05798605 -0.40254346  0.09052682]
204,[ 0.07742907 -0.3955964   1.        ],[ 0.4311083 -0.0999606  1.4830754],[-0.22835384 -0.17731795  1.5372529 ],[ 0.0946389  -0.32907555  1.7570823 ],[ 0.30176264 -0.56911176  0.12824768],[ 0.04061206 -0.45472828  0.09784049]
205,[ 0.06241156 -0.43649226  1.        ],[ 0.3825     -0.11591531  1.4807768 ],[-0.27214888 -0.22642672  1.514828  ],[ 0.08395855 -0.3669464   1.7547103 ],[ 0.29813296 -0.6116961   0.1467107 ],[ 0.02507375 -0.5088459   0.09908861]
206,[ 0.04789979 -0.44966573  1.        ],[ 0.3121662  -0.12119384  1.4981396 ],[-0.30693734 -0.2722897   1.5022876 ],[ 0.07032382 -0.38444626  1.7517084 ],[ 0.3032601  -0.6293482   0.15499544],[ 0.01681336 -0.5391168   0.10860986]
207,[ 0.03370371 -0.47043726  1.        ],[ 0.25883    -0.10837492  1.4731379 ],[-0.32055265 -0.3006039   1.4895824 ],[ 0.05399582 -0.4095342   1.7513268 ],[ 0.29182935 -0.6327167   0.16605479],[ 0.00340526 -0.57331306  0.11297727]
208,[ 0.01996101 -0.48839518  1.        ],[ 0.17847395 -0.08102427  1.4759877 ],[-0.34041798 -0.3395166   1.4662893 ],[ 0.03246769 -0.4218391   1.7502816 ],[ 0.25513813 -0.6380925   0.18262768],[-0.00784545 -0.6006274   0.10808766]
209,[ 0.00704754 -0.5123403   1.        ],[ 0.12945247 -0.10264853  1.4597123 ],[-0.36181912 -0.39034256  1.4442343 ],[ 0.01536512 -0.44846693  1.7440448 ],[ 0.21930797 -0.6438663   0.18787521],[-0.01682851 -0.6340034   0.11382133]
210,[-0.00503385 -0.53560925  1.        ],[ 0.0528691  -0.14565238  1.4713378 ],[-0.361445   -0.39952144  1.4328809 ],[-0.00687722 -0.45627412  1.7441411 ],[ 0.16555534 -0.63990057  0.16377151],[-0.03960768 -0.6839715   0.12057215]
211,[-0.01614068 -0.5683089   1.        ],[-0.0320977  -0.16571617  1.4531955 ],[-0.36998338 -0.47368866  1.4088329 ],[-0.02273551 -0.47862065  1.7358718 ],[ 0.11453564 -0.6205858   0.14468896],[-0.04093269 -0.72121346  0.12747693]
212,[-0.02665941 -0.58032376  1.        ],[-0.11571049 -0.17210492  1.4461107 ],[-0.37890446 -0.51591444  1.3736894 ],[-0.04462053 -0.48191765  1.7287898 ],[ 0.0447042  -0.58682823  0.13141137],[-0.06031027 -0.7256508   0.13772547]
213,[-0.03638712 -0.58052903  1.        ],[-0.18272525 -0.16674227  1.4365172 ],[-0.39504632 -0.50796026  1.3559225 ],[-0.06444749 -0.4735703   1.7267318 ],[-0.03296061 -0.5413122   0.13145304],[-0.08829571 -0.7051304   0.14410281]
214,[-0.04536424 -0.59496653  1.        ],[-0.22674768 -0.19044255  1.4345716 ],[-0.38654602 -0.52808654  1.3393745 ],[-0.08021673 -0.50357026  1.7246773 ],[-0.11609649 -0.5845743   0.1266613 ],[-0.09941635 -0.7305174   0.15018177]
215,[-0.0533749 -0.607741   1.       ],[-0.2709132  -0.25282308  1.4449202 ],[-0.37473792 -0.5849515   1.3468496 ],[-0.09754681 -0.5224144   1.7235452 ],[-0.16876993 -0.6175123   0.11738956],[-0.10301881 -0.7840299   0.14894772]
216,[-0.0606643  -0.61906624  1.        ],[-0.33449394 -0.27221385  1.4251888 ],[-0.37176257 -0.57915866  1.31379   ],[-0.11165142 -0.53660095  1.7196332 ],[-0.20933135 -0.651705    0.12247199],[-0.10899825 -0.8366264   0.15002811]
217,[-0.06710949 -0.63408893  1.        ],[-0.39010075 -0.28601182  1.4181247 ],[-0.36806017 -0.57548875  1.3146996 ],[-0.12865464 -0.5493732   1.7218404 ],[-0.21401744 -0.6811815   0.12852824],[-0.09428008 -0.8978314   0.17747092]
218,[-0.07313652 -0.6498108   1.        ],[-0.41267133 -0.2707493   1.4095333 ],[-0.4329887 -0.678731   1.3740163],[-0.14170381 -0.54759353  1.7204524 ],[-0.20973592 -0.7031366   0.13552201],[-0.09027905 -0.9117084   0.17286265]
219,[-0.07911645 -0.6604333   1.        ],[-0.477377   -0.27166504  1.4095137 ],[-0.45820707 -0.7040274   1.313938  ],[-0.14727071 -0.56065714  1.7159401 ],[-0.21234976 -0.72189784  0.13449079],[-0.09716488 -0.9349401   0.17026979]
220,[-0.08495928 -0.675674    1.        ],[-0.51455367 -0.34226742  1.400351  ],[-0.43615693 -0.65212613  1.2786863 ],[-0.1638415 -0.5723946  1.7065201],[-0.21536203 -0.7453416   0.134054  ],[-0.10228505 -0.956695    0.16939855]
221,[-0.09084555 -0.6815522   1.        ],[-0.56158906 -0.37614387  1.3779961 ],[-0.47508448 -0.6599459   1.2893462 ],[-0.18954557 -0.59655446  1.714011  ],[-0.22521912 -0.74373794  0.14590943],[-0.11956968 -0.95148635  0.18376362]
222,[-0.0964068 -0.6769286  1.       ],[-0.61067116 -0.39970148  1.3597213 ],[-0.49438325 -0.62253404  1.2897811 ],[-0.20591551 -0.59380424  1.7034853 ],[-0.22094835 -0.73583263  0.13777137],[-0.12720253 -0.9187575   0.16762215]
223,[-0.10185213 -0.66412234  1.        ],[-0.6367934  -0.42555705  1.3541837 ],[-0.50787884 -0.6223289   1.2889094 ],[-0.22310688 -0.5989739   1.7088584 ],[-0.21889918 -0.7165078   0.13146877],[-0.14392349 -0.86841226  0.15673351]
224,[-0.10726682 -0.6466337   1.        ],[-0.6605301  -0.47626162  1.3444577 ],[-0.50618345 -0.5955537   1.2970067 ],[-0.23579246 -0.5893997   1.712818  ],[-0.22063687 -0.6912589   0.12577027],[-0.16513385 -0.8496814   0.1507662 ]
225,[-0.11275341 -0.6339168   1.        ],[-0.65655816 -0.54362327  1.3485441 ],[-0.48452678 -0.6212141   1.3048364 ],[-0.24603324 -0.5981133   1.7050767 ],[-0.22263287 -0.67987543  0.1299541 ],[-0.21594888 -0.8550417   0.16881824]
226,[-0.11838931 -0.61352307  1.        ],[-0.6708094 -0.5987328  1.3329437],[-0.4885256  -0.61805177  1.3116796 ],[-0.2543115 -0.5938361  1.7007362],[-0.22039314 -0.65447605  0.12530994],[-0.2205022  -0.84487414  0.1754626 ]
227,[-0.12433714 -0.5861392   1.        ],[-0.6744476 -0.6287302  1.3294419],[-0.37932736 -0.7178199   1.2080853 ],[-0.2578041 -0.5856557  1.6995449],[-0.20893914 -0.6465148   0.10693872],[-0.22492333 -0.815724    0.17020655]
228,[-0.13059811 -0.5662756   1.        ],[-0.67459637 -0.64419     1.3260026 ],[-0.37251264 -0.7056863   1.1938727 ],[-0.2691484 -0.5613962  1.6966085],[-0.19840887 -0.6269384   0.10261571],[-0.24968408 -0.81113344  0.1741125 ]
229,[-0.13700779 -0.54774153  1.        ],[-0.66678774 -0.67634714  1.3210194 ],[-0.34548643 -0.7448224   1.1519858 ],[-0.26878634 -0.55164707  1.6928672 ],[-0.17829168 -0.62819576  0.09720975],[-0.2591511  -0.7977885   0.15958852]
230,[-0.14384037 -0.5265553   1.        ],[-0.64954525 -0.7058133   1.3037001 ],[-0.29662472 -0.7707161   1.0674078 ],[-0.27180842 -0.5384375   1.6926734 ],[-0.1810545  -0.5859308   0.09728247],[-0.2715862  -0.77938366  0.16162974]
231,[-0.15079202 -0.51299804  1.        ],[-0.6107346 -0.703281   1.333359 ],[-0.3373246 -0.7229416  1.1630144],[-0.27705154 -0.5188363   1.6909177 ],[-0.1869998  -0.5557731   0.10346657],[-0.27027106 -0.75511175  0.16470695]
232,[-0.1577178 -0.5022051  1.       ],[-0.6099862 -0.7295274  1.2947221],[-0.31592909 -0.7700619   1.212729  ],[-0.28485915 -0.5034124   1.6938562 ],[-0.2043324  -0.5400068   0.09196728],[-0.26005483 -0.74954337  0.16595006]
233,[-0.16442584 -0.48772445  1.        ],[-0.59686345 -0.7215556   1.3028389 ],[-0.29592347 -0.77292967  1.2520016 ],[-0.28257933 -0.4797339   1.699359  ],[-0.21912622 -0.52326703  0.09621918],[-0.23527224 -0.761462    0.17236704]
234,[-0.17093849 -0.4963256   1.        ],[-0.55471915 -0.7329055   1.3124635 ],[-0.3154894  -0.76374865  1.2774726 ],[-0.28210136 -0.47484493  1.7041392 ],[-0.2255606  -0.5463226   0.11164671],[-0.2025155  -0.76924837  0.17207968]
235,[-0.1772408 -0.4795552  1.       ],[-0.50889486 -0.75644726  1.3028929 ],[-0.27973175 -0.7818441   1.2961757 ],[-0.282232  -0.4576041  1.7018714],[-0.23637539 -0.58171934  0.13151956],[-0.20047277 -0.7156071   0.16937023]
236,[-0.18333037 -0.46104994  1.        ],[-0.4406305 -0.7345584  1.3284197],[-0.24558511 -0.7715023   1.3347294 ],[-0.28155047 -0.45097402  1.7031741 ],[-0.27373174 -0.58303815  0.13459384],[-0.19709247 -0.675142    0.14475924]
237,[-0.18910046 -0.43891266  1.        ],[-0.39949352 -0.7087608   1.3654472 ],[-0.2066697  -0.73577267  1.3657603 ],[-0.27479422 -0.43779704  1.6978226 ],[-0.27904612 -0.6287052   0.1373657 ],[-0.19267642 -0.6220166   0.1282081 ]
238,[-0.19457987 -0.4167017   1.        ],[-0.35759363 -0.6855378   1.360471  ],[-0.19503425 -0.73377323  1.3527869 ],[-0.2630145  -0.43197092  1.6945329 ],[-0.28129646 -0.62102747  0.13120216],[-0.17547716 -0.5910537   0.12568098]
239,[-0.19975467 -0.406278    1.        ],[-0.35926542 -0.6786865   1.3534894 ],[-0.16340782 -0.7398689   1.3393068 ],[-0.2623111  -0.43444443  1.6873183 ],[-0.28414747 -0.6214559   0.1434651 ],[-0.16294336 -0.57387924  0.12188256]
240,[-0.20469122 -0.39126447  1.        ],[-0.33478543 -0.67349166  1.3431234 ],[-0.1517977 -0.701168   1.3593276],[-0.2565595  -0.42086896  1.685055  ],[-0.28188458 -0.63861793  0.15434855],[-0.15480958 -0.53019947  0.11968046]
241,[-0.20954205 -0.37079722  1.        ],[-0.29507115 -0.6613446   1.3257544 ],[-0.06744872 -0.6818536   1.3555422 ],[-0.24215966 -0.40623814  1.6840982 ],[-0.26008883 -0.6483992   0.1741218 ],[-0.133998   -0.49817544  0.12137717]
242,[-0.21448924 -0.35417095  1.        ],[-0.27917615 -0.64620537  1.3060086 ],[ 0.07508202 -0.65314215  1.3274716 ],[-0.23155135 -0.380572    1.6856868 ],[-0.23308456 -0.63275033  0.17951065],[-0.11201748 -0.45727077  0.12006897]
243,[-0.21929003 -0.33123177  1.        ],[-0.250006  -0.6308078  1.3066097],[ 0.09129553 -0.61535925  1.3488209 ],[-0.22385511 -0.3614331   1.6866491 ],[-0.2207398  -0.63694423  0.19111407],[-0.09969749 -0.4198622   0.12175202]
244,[-0.22402672 -0.30681238  1.        ],[-0.22260326 -0.597382    1.3125648 ],[ 0.09931649 -0.5283075   1.362896  ],[-0.20967156 -0.33445773  1.696367  ],[-0.19830479 -0.6507011   0.21357793],[-0.06587481 -0.3801354   0.12525976]
245,[-0.22914512 -0.3009186   1.        ],[-0.16247281 -0.5794236   1.3213544 ],[ 0.12744044 -0.47834036  1.3762968 ],[-0.19847089 -0.31975088  1.7030203 ],[-0.17643563 -0.66858     0.22543472],[-0.0494102  -0.37799403  0.1223374 ]
246,[-0.23451138 -0.29937226  1.        ],[-0.07193856 -0.55235475  1.27375   ],[ 0.14119685 -0.45164698  1.3732331 ],[-0.18896401 -0.3056082   1.6979781 ],[-0.1559065  -0.65539783  0.24946314],[-0.02163056 -0.3245675   0.12426466]
247,[-0.2399541  -0.28840664  1.        ],[-0.07133892 -0.5382807   1.2020068 ],[ 0.15563492 -0.3803812   1.3778207 ],[-0.1780118 -0.3041111  1.6971812],[-0.14601189 -0.6509054   0.2436288 ],[-0.014806   -0.28475317  0.11499602]
248,[-0.24546452 -0.2858838   1.        ],[ 0.00985951 -0.47191492  1.262724  ],[ 0.15518223 -0.36334172  1.3669363 ],[-0.16738157 -0.28553095  1.6977304 ],[-0.13861354 -0.63947266  0.23385084],[-0.01446747 -0.26813492  0.11050975]
249,[-0.25093406 -0.27809542  1.        ],[ 0.07804646 -0.3944798   1.3162977 ],[ 0.14233215 -0.313536    1.3666883 ],[-0.16634005 -0.26709265  1.6913965 ],[-0.11810069 -0.61265177  0.2175712 ],[-0.02429114 -0.260535    0.10946602]
250,[-0.25639385 -0.26463288  1.        ],[ 0.08273911 -0.3425808   1.3411399 ],[ 0.13140981 -0.27492034  1.3797934 ],[-0.16506739 -0.22830223  1.694851  ],[-0.10969635 -0.5551125   0.20226753],[-0.04912908 -0.23759018  0.10968447]
251,[-0.26180604 -0.2587523   1.        ],[ 0.09854357 -0.26869762  1.333079  ],[ 0.12169014 -0.24123436  1.38149   ],[-0.1723098  -0.22722119  1.6932436 ],[-0.11708635 -0.51077175  0.18467653],[-0.09881856 -0.22714496  0.11537939]
252,[-0.26712582 -0.25021064  1.        ],[ 0.08400759 -0.20538062  1.3305987 ],[ 0.09733552 -0.21763903  1.3803803 ],[-0.17473519 -0.20587379  1.6793811 ],[-0.11620729 -0.5085831   0.17523772],[-0.14417125 -0.21461558  0.1098758 ]
253,[-0.27219373 -0.24860413  1.        ],[ 0.0277609  -0.14718123  1.2207665 ],[ 0.08627576 -0.16556741  1.3918462 ],[-0.18679544 -0.19115086  1.6754053 ],[-0.1230059  -0.50512165  0.17593652],[-0.1806395  -0.23287489  0.11253852]
254,[-0.2771853  -0.24251248  1.        ],[-0.00359902 -0.12241371  1.2008165 ],[ 0.07749172 -0.10472198  1.4002001 ],[-0.1927304  -0.18490006  1.6843431 ],[-0.11701065 -0.4725337   0.16870797],[-0.21589348 -0.2164212   0.10789233]
255,[-0.28211114 -0.23639543  1.        ],[-0.00230005 -0.11191787  1.2094221 ],[ 0.05085317 -0.07192518  1.4133517 ],[-0.20151876 -0.17293133  1.6924882 ],[-0.12392041 -0.44499943  0.16431928],[-0.24760118 -0.22851713  0.11426282]
256,[-0.28702733 -0.22293176  1.        ],[ 0.01196147 -0.1056204   1.2219545 ],[ 0.02090533 -0.0355279   1.4188504 ],[-0.20903505 -0.15922715  1.6999005 ],[-0.12601368 -0.39444166  0.1571393 ],[-0.2725879  -0.20373507  0.13121963]
257,[-0.2917029  -0.21227404  1.        ],[ 0.01557898 -0.12056968  1.2167171 ],[-0.01005253  0.00549665  1.4200567 ],[-0.21478975 -0.15367916  1.7003633 ],[-0.13864954 -0.36595246  0.14440262],[-0.3107874  -0.2171304   0.11787271]
258,[-0.29596424 -0.2083822   1.        ],[ 0.02689565 -0.14633371  1.2276812 ],[-0.04027178  0.03702085  1.4339582 ],[-0.2231064  -0.14616181  1.7040002 ],[-0.15501441 -0.35591203  0.14158148],[-0.33493817 -0.2356834   0.12769157]
259,[-0.29985437 -0.20090675  1.        ],[ 0.04026274 -0.1314826   1.2253704 ],[-0.05347128  0.04309403  1.4459102 ],[-0.2179373 -0.1434524  1.7067889],[-0.16044779 -0.3421209   0.14137447],[-0.34895554 -0.2417978   0.13329208]
260,[-0.30331287 -0.20864537  1.        ],[ 0.05763351 -0.17293563  1.2331903 ],[-0.07491364  0.08872119  1.4315333 ],[-0.22557333 -0.14862677  1.7108018 ],[-0.17300408 -0.3264033   0.1388734 ],[-0.35176957 -0.25336698  0.13484174]
261,[-0.3064214  -0.19942002  1.        ],[ 0.06589492 -0.1742721   1.2320776 ],[-0.0867409   0.14356168  1.4189177 ],[-0.2302192 -0.1392939  1.7108946],[-0.18524379 -0.32129815  0.13247794],[-0.35137457 -0.25438383  0.1310305 ]
262,[-0.30904692 -0.19441272  1.        ],[ 0.07272294 -0.17574652  1.2346861 ],[-0.12330733  0.21221922  1.4109054 ],[-0.2364399  -0.12669529  1.7137089 ],[-0.18320122 -0.3039888   0.1289236 ],[-0.34423527 -0.24922551  0.12911355]
263,[-0.31111556 -0.20070797  1.        ],[ 0.08323217 -0.18405557  1.2469461 ],[-0.15834597  0.2036928   1.4045374 ],[-0.2386411  -0.12539607  1.7132174 ],[-0.17804208 -0.30422193  0.12934119],[-0.3327109  -0.25199693  0.12477726]
264,[-0.3128891  -0.19172904  1.        ],[ 0.08890942 -0.16696641  1.2484851 ],[-0.18375787  0.21107373  1.4081036 ],[-0.24053803 -0.11136148  1.7121394 ],[-0.17685927 -0.2888132   0.1294558 ],[-0.32999873 -0.24435124  0.12158328]
265,[-0.31401253 -0.20133148  1.        ],[ 0.0924008  -0.15875362  1.2583449 ],[-0.21600294  0.20338865  1.4019336 ],[-0.2417881  -0.12104618  1.7133491 ],[-0.17886807 -0.29095507  0.12369943],[-0.33124572 -0.25478566  0.11474371]
266,[-0.31490642 -0.20735173  1.        ],[ 0.08339024 -0.14395015  1.2547319 ],[-0.24721871  0.21469219  1.3890965 ],[-0.24520133 -0.126307    1.712367  ],[-0.18420145 -0.2848317   0.12100422],[-0.3270979  -0.25006348  0.11498302]
267,[-0.3156092  -0.21050031  1.        ],[ 0.08750561 -0.12778588  1.2597753 ],[-0.2848536   0.21201377  1.3893166 ],[-0.24487841 -0.1331221   1.7099537 ],[-0.17642914 -0.2798081   0.12431669],[-0.31266525 -0.25543636  0.11303282]
268,[-0.3162666 -0.2103419  1.       ],[ 0.08740158 -0.11200658  1.2575485 ],[-0.3110234   0.21268061  1.3860104 ],[-0.2521679  -0.13194355  1.7061906 ],[-0.17031999 -0.26513758  0.13060087],[-0.3093846  -0.25659028  0.11780214]
269,[-0.31686294 -0.20975599  1.        ],[ 0.076369   -0.07140848  1.2590308 ],[-0.33543172  0.2243143   1.3787241 ],[-0.2599955  -0.12990806  1.7047832 ],[-0.16832942 -0.26655933  0.13193697],[-0.30301142 -0.24917576  0.11597973]
270,[-0.31746647 -0.20723046  1.        ],[ 0.08591826 -0.04933795  1.2629769 ],[-0.3519325   0.20298217  1.3835497 ],[-0.26251566 -0.12505205  1.7059797 ],[-0.18319663 -0.27131578  0.13030106],[-0.30861014 -0.24567004  0.11709881]
271,[-0.3179271  -0.20177814  1.        ],[ 0.07100458 -0.00445137  1.270555  ],[-0.38156408  0.2010757   1.3862358 ],[-0.26999143 -0.12207929  1.707063  ],[-0.1973681  -0.27056834  0.12879854],[-0.3117073  -0.22645995  0.11838394]
272,[-0.3183397  -0.19407287  1.        ],[0.06810297 0.03604254 1.2732265 ],[-0.42390457  0.20377764  1.3860672 ],[-0.27864408 -0.10842898  1.7147684 ],[-0.20759706 -0.2640141   0.12543678],[-0.31658655 -0.21006891  0.11682934]
273,[-0.3186169  -0.19526662  1.        ],[0.05981332 0.07118908 1.2723787 ],[-0.44768608  0.20151006  1.387697  ],[-0.28506926 -0.10427996  1.7176988 ],[-0.21489759 -0.27973238  0.12449396],[-0.3251785  -0.20418526  0.11521465]
274,[-0.3189401  -0.19450502  1.        ],[0.05348393 0.11140908 1.2849269 ],[-0.47822997  0.18079342  1.4047965 ],[-0.29435578 -0.10538958  1.7231817 ],[-0.22488932 -0.28124863  0.12507492],[-0.33837706 -0.20188408  0.11206824]
275,[-0.31915516 -0.19649035  1.        ],[0.03746409 0.13737303 1.3101155 ],[-0.5094532   0.16787678  1.4104356 ],[-0.30134988 -0.10902553  1.7285817 ],[-0.23250487 -0.27724653  0.12820399],[-0.3495438  -0.1969158   0.11617911]
276,[-0.31934416 -0.19857742  1.        ],[0.01417021 0.15607642 1.3372102 ],[-0.5381317   0.14689194  1.4157802 ],[-0.30738834 -0.10779848  1.7310127 ],[-0.24355581 -0.27650264  0.12215257],[-0.36566162 -0.19279994  0.11168623]
277,[-0.3197768 -0.2031847  1.       ],[-0.00696641  0.15488991  1.364059  ],[-0.57199305  0.12975958  1.4189616 ],[-0.3127487  -0.10866902  1.7302362 ],[-0.25672498 -0.27373728  0.12242156],[-0.37764695 -0.18868223  0.11414468]
278,[-0.32030204 -0.21234158  1.        ],[-0.04494559  0.15878674  1.3599781 ],[-0.6109756   0.10253474  1.4088495 ],[-0.32415718 -0.12048844  1.724747  ],[-0.268628   -0.27973643  0.1222719 ],[-0.39193022 -0.19116762  0.11672515]
279,[-0.32097372 -0.21098253  1.        ],[-0.08607598  0.1727688   1.3620709 ],[-0.6370023   0.06193099  1.4152068 ],[-0.3317781  -0.11636617  1.7240525 ],[-0.2736018  -0.28175393  0.1247133 ],[-0.40261525 -0.19617257  0.1157859 ]
280,[-0.32185113 -0.20565554  1.        ],[-0.1596629   0.20301828  1.3641729 ],[-0.6945018  0.0077813  1.4160585],[-0.34214687 -0.12394366  1.7269471 ],[-0.30126038 -0.24705508  0.1251924 ],[-0.44512653 -0.20755127  0.12433636]
281,[-0.3225379  -0.19887409  1.        ],[-0.19501466  0.20334437  1.3685994 ],[-7.1274644e-01 -1.3593175e-03  1.4089565e+00],[-0.34938425 -0.11133603  1.7235425 ],[-0.30800593 -0.23222682  0.12722194],[-0.44753715 -0.23462495  0.12391549]
282,[-0.323013   -0.20209081  1.        ],[-0.25620034  0.19469146  1.38658   ],[-0.71164495 -0.02154227  1.3921168 ],[-0.34727344 -0.11486217  1.7202668 ],[-0.33032545 -0.25827262  0.11977506],[-0.45164713 -0.28731427  0.11880076]
283,[-0.32319525 -0.20812748  1.        ],[-0.3007135   0.18635227  1.4011772 ],[-0.7086537  -0.05219398  1.3914118 ],[-0.34504864 -0.1187769   1.7207708 ],[-0.3328005  -0.25545105  0.1205284 ],[-0.45840982 -0.32358894  0.1256718 ]
284,[-0.32330108 -0.2128351   1.        ],[-0.33879966  0.18116954  1.4001541 ],[-0.70926434 -0.09838542  1.3838935 ],[-0.3519666  -0.11997214  1.7161202 ],[-0.34095272 -0.2518095   0.10923886],[-0.4541794  -0.35649422  0.12690026]
285,[-0.3232618  -0.20454365  1.        ],[-0.38040495  0.1890415   1.4049376 ],[-0.7090129  -0.13189548  1.3753384 ],[-0.35031986 -0.10945094  1.7123508 ],[-0.34776843 -0.2332477   0.1118713 ],[-0.43888113 -0.39982492  0.14250898]
286,[-0.32285702 -0.20437896  1.        ],[-0.40943265  0.19979912  1.3913562 ],[-0.70176136 -0.17445648  1.3669504 ],[-0.35063225 -0.11263186  1.7079613 ],[-0.3516927  -0.21618909  0.10816669],[-0.40938988 -0.43855125  0.15159863]
287,[-0.32220387 -0.1948031   1.        ],[-0.4422625   0.23560818  1.3942994 ],[-0.6902042  -0.16525368  1.3588376 ],[-0.34967938 -0.1078674   1.7091024 ],[-0.36321408 -0.20049642  0.09580654],[-0.39867815 -0.45029473  0.154437  ]
288,[-0.32131538 -0.18955183  1.        ],[-0.45489156  0.26551837  1.4199045 ],[-0.68159515 -0.1704598   1.35783   ],[-0.3430911 -0.0906859  1.7052522],[-0.36501348 -0.19027358  0.09734911],[-0.36614054 -0.44705755  0.15511394]
289,[-0.32008573 -0.18296899  1.        ],[-0.48563924  0.24586599  1.4279858 ],[-0.65436614 -0.15629722  1.3611302 ],[-0.3455773  -0.09391018  1.7105143 ],[-0.38204008 -0.19467051  0.08833343],[-0.37582934 -0.4556267   0.14778322]
290,[-0.31850088 -0.1695151   1.        ],[-0.53817755  0.1923162   1.4484771 ],[-0.639005   -0.14909598  1.3560805 ],[-0.35339874 -0.08858392  1.7164364 ],[-0.39844933 -0.16387817  0.08792627],[-0.39367142 -0.42278013  0.1394524 ]
291,[-0.31670094 -0.15667921  1.        ],[-0.5891331   0.17475903  1.4335475 ],[-0.60710347 -0.08501142  1.3541437 ],[-0.35766295 -0.07368517  1.7161583 ],[-0.40839314 -0.1446802   0.10141933],[-0.3800339  -0.3704064   0.14272952]
292,[-0.31462267 -0.13920014  1.        ],[-0.6206898   0.18147464  1.4300354 ],[-0.62198454 -0.12983112  1.3909936 ],[-0.36045656 -0.06087314  1.7156343 ],[-0.40352193 -0.11740189  0.12031847],[-0.38256714 -0.30860943  0.14332414]
293,[-0.31238577 -0.13642856  1.        ],[-0.65267104  0.17735258  1.4252833 ],[-0.5913756  -0.14197668  1.2920634 ],[-0.36375618 -0.05783525  1.7106109 ],[-0.41497186 -0.11525998  0.11439377],[-0.3797661  -0.30812368  0.1362136 ]
294,[-0.30996123 -0.13839276  1.        ],[-0.69643223  0.12611948  1.4076952 ],[-0.5943447  -0.15595646  1.4002956 ],[-0.36887416 -0.05523188  1.7057285 ],[-0.4374523  -0.13629682  0.1178894 ],[-0.3999593  -0.31521899  0.12779951]
295,[-0.30739236 -0.136322    1.        ],[-0.7289354   0.11696012  1.3958423 ],[-0.5303477  -0.16604213  1.3674482 ],[-0.37335017 -0.05495875  1.705071  ],[-0.4605     -0.14677565  0.11434573],[-0.40988818 -0.3308156   0.12216109]
296,[-0.30454656 -0.16213045  1.        ],[-0.75864047  0.04642972  1.3774222 ],[-0.5400754  -0.17905018  1.3655474 ],[-0.38117763 -0.07194445  1.7025598 ],[-0.48152724 -0.16774282  0.11406451],[-0.40903234 -0.36925957  0.12385756]
297,[-0.30148795 -0.1690914   1.        ],[-0.7809223   0.02534526  1.3683373 ],[-0.5868093  -0.20926708  1.3491563 ],[-0.38953507 -0.09008688  1.7024043 ],[-0.49107903 -0.17573518  0.11454546],[-0.4015941  -0.38742238  0.13423407]
298,[-0.29822645 -0.1830161   1.        ],[-0.79984415 -0.01507006  1.3558586 ],[-0.5943074  -0.25471863  1.2850796 ],[-0.3934596  -0.12542634  1.7077146 ],[-0.49473223 -0.19555329  0.11728001],[-0.39027938 -0.42764708  0.14092642]
299,[-0.2943833  -0.19910026  1.        ],[-0.81436247 -0.0647828   1.346722  ],[-0.587491   -0.30338848  1.2680676 ],[-0.4012675  -0.14537442  1.7083194 ],[-0.50733054 -0.2174356   0.11765081],[-0.38462856 -0.46293485  0.14445817]
300,[-0.29011074 -0.21196306  1.        ],[-0.8256349 -0.1155963  1.345628 ],[-0.5801477 -0.3426087  1.247464 ],[-0.40756685 -0.17144501  1.711091  ],[-0.51923245 -0.24869692  0.12093413],[-0.3825162  -0.47881842  0.14234948]
301,[-0.28524178 -0.21040553  1.        ],[-0.83398    -0.15409899  1.3412602 ],[-0.50187063 -0.39758897  1.1320368 ],[-0.40884086 -0.18581784  1.7087188 ],[-0.52679   -0.2778263  0.1251415],[-0.35901195 -0.48157847  0.13742769]
302,[-0.279782   -0.19710355  1.        ],[-0.83545685 -0.1964805   1.3462405 ],[-0.46241942 -0.4110757   1.1236405 ],[-0.40191388 -0.16849302  1.708654  ],[-0.52362955 -0.27973557  0.12938023],[-0.33769783 -0.45666683  0.13730615]
303,[-0.2736935  -0.17628318  1.        ],[-0.8253866  -0.22107655  1.3530569 ],[-0.4492673 -0.4201079  1.1535757],[-0.3880873  -0.15000814  1.7135935 ],[-0.50397897 -0.30017215  0.13281262],[-0.31290257 -0.43479568  0.13594973]
304,[-0.267174   -0.16683315  1.        ],[-0.8172055  -0.26595053  1.3506262 ],[-0.43881238 -0.44284686  1.1752282 ],[-0.38459283 -0.15729009  1.7112579 ],[-0.50171065 -0.32210895  0.14397264],[-0.30666196 -0.42787144  0.13555646]
305,[-0.2601045  -0.16067423  1.        ],[-0.79843426 -0.31695974  1.3486059 ],[-0.41207716 -0.47070432  1.2325287 ],[-0.3706107  -0.15901186  1.7102876 ],[-0.49278265 -0.35109603  0.15268785],[-0.28389353 -0.42111552  0.13921022]
306,[-0.2527067  -0.16047786  1.        ],[-0.77570134 -0.34614903  1.3441542 ],[-0.37694082 -0.48914582  1.2780873 ],[-0.3553988  -0.15729956  1.7065388 ],[-0.4858296  -0.36940402  0.15339124],[-0.26206157 -0.40698832  0.1436832 ]
307,[-0.24492942 -0.1544425   1.        ],[-0.7571203  -0.36055467  1.348031  ],[-0.33156502 -0.49474618  1.3062408 ],[-0.33915022 -0.15295191  1.7072959 ],[-0.45368227 -0.3714392   0.14407259],[-0.2378992  -0.37992904  0.1392355 ]
308,[-0.23680907 -0.14420576  1.        ],[-0.7314994  -0.38561898  1.3451807 ],[-0.27356648 -0.50331837  1.3132598 ],[-0.3196242  -0.14680775  1.706632  ],[-0.4322887  -0.3626545   0.13997912],[-0.21123214 -0.357531    0.13518393]
309,[-0.22855195 -0.1332436   1.        ],[-0.70301145 -0.393042    1.348357  ],[-0.22463031 -0.4860448   1.3450681 ],[-0.2988717  -0.12061445  1.7099882 ],[-0.39172578 -0.35536364  0.13547009],[-0.18238221 -0.33335462  0.13197386]
310,[-0.22015053 -0.12383659  1.        ],[-0.65097547 -0.4015531   1.3670685 ],[-0.20705223 -0.46113855  1.3509265 ],[-0.27812532 -0.10378702  1.7074648 ],[-0.3618948  -0.36981875  0.12869686],[-0.16238421 -0.33427566  0.13425207]
311,[-0.21161288 -0.10862152  1.        ],[-0.6036545  -0.39688292  1.3772103 ],[-0.19963449 -0.41592053  1.3686349 ],[-0.26177812 -0.07801763  1.7076895 ],[-0.33812353 -0.34803203  0.13261318],[-0.14729245 -0.3139818   0.13684899]
312,[-0.20309566 -0.09754625  1.        ],[-0.564101   -0.38978073  1.3824228 ],[-0.15759991 -0.4059733   1.3818817 ],[-0.24284482 -0.06087193  1.7065985 ],[-0.31697345 -0.33265933  0.13394642],[-0.13294193 -0.2882205   0.13655245]
313,[-0.19459319 -0.08557931  1.        ],[-0.53391904 -0.38949707  1.3836783 ],[ 0.00602844 -0.43334892  1.3721926 ],[-0.22325455 -0.05575511  1.705528  ],[-0.29182935 -0.32092598  0.13377303],[-0.12046318 -0.2649645   0.13643408]
314,[-0.18625176 -0.06836729  1.        ],[-0.42567226 -0.3475944   1.393604  ],[ 0.04905885 -0.35809818  1.3854066 ],[-0.20399505 -0.0498421   1.6996806 ],[-0.26984566 -0.3084649   0.13576567],[-0.11145632 -0.2498173   0.1358816 ]
315,[-0.17823258 -0.05428626  1.        ],[-0.34696972 -0.33882537  1.4137989 ],[ 0.10621303 -0.29985395  1.400462  ],[-0.1802562  -0.04193809  1.7032677 ],[-0.2458816  -0.2852582   0.13958043],[-0.09742548 -0.22590734  0.14098966]
316,[-0.17049819 -0.04072589  1.        ],[-0.30899546 -0.31855208  1.4070009 ],[ 0.14409333 -0.27527934  1.4045982 ],[-0.16368893 -0.03371269  1.7021167 ],[-0.23134123 -0.27930826  0.14598846],[-0.08455534 -0.21172982  0.14780879]
317,[-0.16315053 -0.02370006  1.        ],[-0.2772627  -0.29274982  1.4127773 ],[ 0.17597057 -0.21561116  1.4073702 ],[-0.14501478 -0.00984663  1.7050719 ],[-0.2113291  -0.26536387  0.14475417],[-0.06749333 -0.18420833  0.14386106]
318,[-0.1561191  -0.00610275  1.        ],[-0.23704812 -0.2569394   1.4262112 ],[ 0.20784603 -0.15125419  1.4082562 ],[-0.12945952  0.00994896  1.7039353 ],[-0.20013076 -0.2500168   0.14486301],[-0.04479153 -0.17757     0.14941967]
319,[-0.14927275  0.01474069  1.        ],[-0.19225562 -0.2198589   1.419822  ],[ 0.23406668 -0.09113349  1.4120543 ],[-0.11494183  0.03516297  1.7048978 ],[-0.1874556  -0.2183776   0.13534671],[-0.0152633  -0.15004434  0.14956886]
320,[-0.14255717  0.03534508  1.        ],[-0.13904741 -0.20232034  1.3915341 ],[ 0.25727955 -0.04905021  1.4078977 ],[-0.10252919  0.07073116  1.7066512 ],[-0.16745713 -0.17805564  0.13750255],[ 0.01981646 -0.10728192  0.14797688]
321,[-0.13588914  0.05710905  1.        ],[-0.11516052 -0.20714064  1.3702115 ],[2.7573428e-01 4.6889970e-04 1.4096421e+00],[-0.09543662  0.09716886  1.7064521 ],[-0.14760157 -0.15148826  0.13746327],[ 0.03949117 -0.07294638  0.1520164 ]
322,[-0.12957497  0.07686073  1.        ],[-0.07607834 -0.19394779  1.3255183 ],[0.28332996 0.05480433 1.4219002 ],[-0.08291793  0.11990947  1.7065636 ],[-0.13626653 -0.13278663  0.1340394 ],[ 0.05485644 -0.04349982  0.14917779]
323,[-0.12342938  0.09360783  1.        ],[-0.03088458 -0.1645375   1.2583892 ],[0.2922122  0.09793811 1.422303  ],[-0.07365038  0.12745588  1.7047343 ],[-0.12681262 -0.12915345  0.13292247],[ 0.06306339 -0.02336104  0.1495794 ]
324,[-0.11743353  0.10702758  1.        ],[ 0.01157572 -0.11175926  1.18066   ],[0.29287395 0.14736311 1.421226  ],[-0.0671392   0.14380305  1.7019607 ],[-0.12082461 -0.11673279  0.13573253],[ 0.07159277 -0.00038918  0.15047622]
325,[-0.1115374   0.11926353  1.        ],[ 0.02558939 -0.09203196  1.0903625 ],[0.28710675 0.1974181  1.4216752 ],[-0.05879791  0.16151446  1.7000477 ],[-0.10740963 -0.10244453  0.13990605],[0.07854592 0.02309609 0.15366477]
326,[-0.10557982  0.12873997  1.        ],[ 0.06833475 -0.03015367  1.1421537 ],[0.28747615 0.24329318 1.4272113 ],[-0.05776363  0.167663    1.7009027 ],[-0.10800389 -0.09467796  0.14768004],[0.06828783 0.038367   0.15055692]
327,[-0.09949782  0.13934362  1.        ],[0.14975369 0.06254636 1.2463315 ],[0.2739874 0.2848388 1.428185 ],[-0.05105566  0.17621958  1.6987959 ],[-0.09081322 -0.0898521   0.15626228],[0.05627976 0.0674287  0.14901125]
328,[-0.09337164  0.14727627  1.        ],[0.20094569 0.13457571 1.2826294 ],[0.27164045 0.2918881  1.4246964 ],[-0.04286736  0.19577925  1.6955743 ],[-0.07564035 -0.04735317  0.1618805 ],[0.04843588 0.08917366 0.14470029]
329,[-0.08719939  0.15809648  1.        ],[0.19090393 0.17472623 1.2897574 ],[0.25472844 0.3207195  1.421592  ],[-0.04845455  0.21905105  1.6994724 ],[-0.05561547 -0.03812595  0.17735338],[0.03064548 0.08486823 0.13670826]
330,[-0.08064931  0.16099459  1.        ],[0.21503909 0.2578004  1.315782  ],[0.24298893 0.30466294 1.4197245 ],[-0.0539928   0.23757327  1.7066329 ],[-0.01617849 -0.00356787  0.182468  ],[0.01432597 0.09938425 0.1298573 ]
331,[-0.07398359  0.16416356  1.        ],[0.20341547 0.30416128 1.273767  ],[0.22915237 0.33832958 1.4082242 ],[-0.044521    0.24347946  1.7020705 ],[ 0.02970359 -0.01564684  0.17996764],[0.01337715 0.10386774 0.1207372 ]
332,[-0.06737845  0.17877442  1.        ],[0.19647117 0.3140862  1.2445242 ],[0.2236618 0.3699938 1.407945 ],[-0.03081548  0.26404792  1.7003533 ],[ 0.09146304 -0.00831127  0.17375118],[0.00755603 0.10091543 0.11837375]
333,[-0.06093839  0.1909383   1.        ],[0.21298763 0.2633847  1.2463578 ],[0.20854995 0.423122   1.4032413 ],[-0.0145412  0.2780065  1.6933687],[ 0.135995   -0.01033891  0.1584425 ],[-0.00295601  0.14020336  0.11592126]
334,[-0.05456764  0.20441267  1.        ],[0.23647726 0.24580255 1.2545568 ],[0.18596882 0.4677619  1.4121147 ],[-0.00493069  0.2889355   1.7020442 ],[0.18783128 0.02504108 0.1612944 ],[-0.01295046  0.18102738  0.11794901]
335,[-0.04813233  0.2220934   1.        ],[0.28787187 0.18338418 1.2610917 ],[0.16664861 0.5635287  1.4070382 ],[0.00402547 0.3078779  1.704571  ],[0.22001061 0.01603628 0.15945697],[-0.02263066  0.1932714   0.11124444]
336,[-0.04188701  0.2421121   1.        ],[0.3248924  0.18069291 1.2660968 ],[0.15294239 0.59271395 1.3987162 ],[0.01415025 0.32821143 1.7084177 ],[0.2330643  0.04006648 0.16050535],[-0.03044463  0.22543895  0.11855948]
337,[-0.0358118  0.2567489  1.       ],[0.34739184 0.19569647 1.2693926 ],[0.13444176 0.6495313  1.3930572 ],[0.02666065 0.351467   1.708166  ],[0.22492363 0.05461491 0.14842784],[-0.03004763  0.24922228  0.12129831]
338,[-0.02995217  0.26378268  1.        ],[0.36362693 0.22870475 1.2676735 ],[0.0900963 0.6806585 1.3890982],[0.03379234 0.36113554 1.708309  ],[0.21116115 0.05529862 0.14110261],[-0.03474832  0.25780314  0.11342472]
339,[-0.02420401  0.27285695  1.        ],[0.37852117 0.27510893 1.2661667 ],[0.04318671 0.717355   1.3781836 ],[0.04450422 0.369977   1.7084423 ],[0.19594216 0.07020617 0.13025069],[-0.03265703  0.28878987  0.11162579]
340,[-0.01841093  0.27597842  1.        ],[0.3895873 0.3305011 1.2600462],[0.00466641 0.7373425  1.3755281 ],[0.05379844 0.3695424  1.7082131 ],[0.18605685 0.0944723  0.1237846 ],[-0.03148104  0.303288    0.10683984]
341,[-0.01269012  0.27644995  1.        ],[0.40586936 0.3707601  1.2641432 ],[-0.01112428  0.72980255  1.374787  ],[0.0621474  0.36836705 1.7101343 ],[0.18086521 0.11787053 0.11805546],[-0.03274766  0.30734333  0.1004194 ]
342,[-0.00688469  0.2721265   1.        ],[0.41194305 0.38250512 1.2616117 ],[-0.0257154   0.72853744  1.3751388 ],[0.06599019 0.36450654 1.7077821 ],[0.17103109 0.12328207 0.11149669],[-0.03356551  0.29308873  0.09674484]
343,[-0.00107414  0.26317635  1.        ],[0.40961042 0.41179606 1.2644855 ],[-0.0467909  0.7240166  1.3748152],[0.07356515 0.3564848  1.710791  ],[0.16329622 0.12297782 0.11436492],[-0.03370626  0.27646503  0.10198677]
344,[0.00490154 0.2564404  1.        ],[0.40877825 0.4311427  1.2628366 ],[-0.05131351  0.71682703  1.3758048 ],[0.07842227 0.35162866 1.7096474 ],[0.15659909 0.13750865 0.11804092],[-0.02519836  0.26982665  0.10897958]
345,[0.01121455 0.24737045 1.        ],[0.40050113 0.4524195  1.2555264 ],[-0.07836898  0.6836281   1.376932  ],[0.07555281 0.3492802  1.7063918 ],[0.14774127 0.1372815  0.11352551],[-0.02519428  0.2511752   0.10784292]
346,[0.0178711  0.23653321 1.        ],[0.39839026 0.45799056 1.2543936 ],[-0.08952984  0.6624014   1.3779433 ],[0.07830036 0.3376669  1.7067165 ],[0.14273952 0.13885145 0.11582541],[-0.01397759  0.2321525   0.11230654]
347,[0.02485948 0.2271838  1.        ],[0.39847893 0.46058437 1.2507689 ],[-0.11170874  0.6566246   1.372593  ],[0.07832456 0.32626912 1.7051578 ],[0.13877074 0.13207851 0.11386192],[-0.00526551  0.21200906  0.11364681]
348,[0.03192637 0.21893413 1.        ],[0.39550728 0.47105795 1.2494348 ],[-0.1270824  0.6380465  1.3767356],[0.0758487  0.31593758 1.7092534 ],[0.14411743 0.14142676 0.11781418],[0.01018683 0.19971462 0.11894011]
349,[0.03912669 0.20467633 1.        ],[0.39876196 0.46630496 1.252823  ],[-0.12632878  0.61105406  1.3796382 ],[0.08136521 0.2998516  1.7127938 ],[0.14817362 0.13303548 0.1197111 ],[0.02540415 0.17683381 0.12318581]
350,[0.0464159  0.19025324 1.        ],[0.39832067 0.46613643 1.2440296 ],[-0.13356006  0.58789796  1.3805047 ],[0.08434597 0.28305706 1.7162057 ],[0.15467767 0.13622187 0.11593759],[0.03621893 0.1625645  0.1193499 ]
351,[0.05366993 0.1784508  1.        ],[0.39100456 0.4726902  1.2467816 ],[-0.13546696  0.57873464  1.3836021 ],[0.08692535 0.27071628 1.7179377 ],[0.16333492 0.12303301 0.11577159],[0.04949247 0.1412377  0.12160897]
352,[0.06083315 0.16532466 1.        ],[0.38454515 0.47093698 1.2425549 ],[-0.13793877  0.5591791   1.3817165 ],[0.08860961 0.26222757 1.7151227 ],[0.1684163  0.10998865 0.11590481],[0.06322817 0.12768432 0.12161708]
353,[0.06779169 0.15326051 1.        ],[0.38825163 0.46531987 1.2411746 ],[-0.13078043  0.544388    1.3826082 ],[0.09424626 0.25086725 1.7145424 ],[0.17367676 0.08999418 0.11109096],[0.07217802 0.1088159  0.1174897 ]
354,[0.07473902 0.14567015 1.        ],[0.39571327 0.46207663 1.2430886 ],[-0.12595807  0.53779525  1.3822572 ],[0.09814591 0.24015078 1.7127373 ],[0.17848004 0.08461878 0.11437905],[0.07936914 0.10000513 0.11952013]
355,[0.08154786 0.13589935 1.        ],[0.39546898 0.45565596 1.238952  ],[-0.11811854  0.5309773   1.3800459 ],[0.10156666 0.23215048 1.7141173 ],[0.19027509 0.06850974 0.11532217],[0.08834941 0.08034031 0.12049454]
356,[0.08830567 0.12619391 1.        ],[0.3963294  0.44189432 1.2363724 ],[-0.11721894  0.5216507   1.3755434 ],[0.10354083 0.22389844 1.7112262 ],[0.20145385 0.06548062 0.11746961],[0.09791498 0.0772045  0.12165046]
357,[0.09485697 0.11771496 1.        ],[0.399563   0.43349567 1.2294753 ],[-0.09688298  0.49849418  1.38075   ],[0.10659905 0.21522279 1.7102022 ],[0.21228571 0.06221356 0.11868215],[0.10815255 0.07280984 0.12176675]
358,[0.10106705 0.10901011 1.        ],[0.404142   0.43212324 1.2256051 ],[-0.09920771  0.4932086   1.3790104 ],[0.11151785 0.20414259 1.7103393 ],[0.21791753 0.04504604 0.1168614 ],[0.11007903 0.05677754 0.12161356]
359,[0.10701381 0.09990319 1.        ],[0.40927416 0.41387954 1.2253222 ],[-0.09274479  0.4905378   1.3807333 ],[0.11651437 0.1938633  1.712316  ],[0.22954752 0.03686037 0.11693096],[0.11865737 0.05333987 0.12105715]
360,[0.11262383 0.08860599 1.        ],[0.41254523 0.3926379  1.228125  ],[-0.09118158  0.47099084  1.3888564 ],[0.11754357 0.18153135 1.715009  ],[0.24052186 0.03622334 0.12050062],[0.12647763 0.0491709  0.12326556]
361,[0.11799261 0.07507812 1.        ],[0.41814148 0.38480377 1.2255719 ],[-0.08917066  0.45448136  1.3872964 ],[0.12278203 0.16885209 1.7152724 ],[0.25080666 0.03308892 0.12045324],[0.13409509 0.04412603 0.12276453]
362,[0.12302146 0.05943547 1.        ],[0.42291665 0.36208168 1.2283288 ],[-0.08961084  0.43980405  1.3872061 ],[0.12606484 0.15178584 1.71488   ],[0.25564435 0.01128815 0.12043142],[0.13898923 0.02598427 0.12090671]
363,[0.12337808 0.05365085 1.        ],[0.42442107 0.36256462 1.233052  ],[-0.08853637  0.43577772  1.3893387 ],[0.12857704 0.14355022 1.7157342 ],[0.26097026 0.00064319 0.11821783],[0.14136495 0.02276212 0.11892599]
364,[0.1239886  0.04197621 1.        ],[0.42392284 0.3481174  1.2340087 ],[-0.08857396  0.42266333  1.3925579 ],[0.1257791  0.13108522 1.7144277 ],[ 0.26214942 -0.01440811  0.11971694],[0.14318968 0.01099694 0.11958629]
365,[0.124477   0.03017657 1.        ],[0.42691374 0.33798933 1.2392743 ],[-0.0904026   0.40912145  1.3980196 ],[0.12613232 0.11763173 1.7166997 ],[ 0.2585669  -0.0280673   0.11593801],[0.14178878 0.00187378 0.11669147]
366,[0.12486114 0.01827055 1.        ],[0.42787027 0.32809067 1.2415501 ],[-0.0968885   0.40143502  1.3966372 ],[0.12573348 0.10662299 1.7164339 ],[ 0.25478077 -0.04228544  0.11734462],[ 0.13916822 -0.01572168  0.11735022]
367,[0.12515889 0.0062768  1.        ],[0.43035582 0.31726095 1.2428715 ],[-0.09421925  0.38572463  1.3998996 ],[0.12423288 0.09488286 1.7180576 ],[ 0.25037944 -0.05525546  0.11667424],[ 0.13822886 -0.03074567  0.11782235]
368,[ 0.1253881  -0.00578604  1.        ],[0.42980266 0.3046467  1.2403761 ],[-0.08576982  0.3619543   1.4047109 ],[0.1252385  0.08458229 1.7171046 ],[ 0.2457812  -0.06868187  0.11666811],[ 0.13678643 -0.04168848  0.11677134]
369,[ 0.12556662 -0.01789934  1.        ],[0.42981705 0.2940461  1.2384211 ],[-0.08832633  0.34890038  1.4024856 ],[0.12497984 0.07245051 1.7176598 ],[ 0.24339579 -0.07892127  0.11557102],[ 0.13665155 -0.05213184  0.11532867]
370,[ 0.1257123  -0.03004447  1.        ],[0.42863286 0.27965686 1.2410573 ],[-0.08174152  0.3333319   1.4054798 ],[0.125092   0.05896714 1.7160901 ],[ 0.23873249 -0.08496252  0.11738098],[ 0.13431291 -0.06063011  0.11736524]
371,[ 0.125843   -0.04220277  1.        ],[0.4308805  0.26480377 1.2545953 ],[-0.07676266  0.32545006  1.4077418 ],[0.12581939 0.04734576 1.716897  ],[ 0.2352141  -0.1003958   0.11714834],[ 0.13119046 -0.07731915  0.11638874]
372,[ 0.12597659 -0.05435561  1.        ],[0.4334804  0.25556284 1.2538507 ],[-0.07364902  0.31310242  1.4123946 ],[0.12628774 0.03444786 1.7195227 ],[ 0.23083036 -0.11187833  0.11531913],[ 0.1281433  -0.08726674  0.11286515]
373,[ 0.12613091 -0.06648436  1.        ],[0.43473577 0.24419275 1.2476282 ],[-0.07250801  0.30312458  1.4097819 ],[0.12663484 0.02205619 1.7190168 ],[ 0.22880334 -0.12401739  0.11519063],[ 0.12725714 -0.09829298  0.11393672]
374,[ 0.12632382 -0.07857038  1.        ],[0.4327788  0.23792009 1.2366091 ],[-0.05154234  0.274475    1.4180025 ],[0.1260808 0.0104898 1.7199492],[ 0.23212376 -0.14096154  0.11514366],[ 0.13038951 -0.11954428  0.11224735]
375,[ 0.12657318 -0.09059503  1.        ],[0.43739042 0.22827116 1.2141162 ],[-0.05538395  0.26173267  1.4069715 ],[ 0.12513396 -0.00252243  1.7166979 ],[ 0.23094954 -0.14947638  0.11658472],[ 0.12662731 -0.1225396   0.1172536 ]
376,[ 0.12689683 -0.10253967  1.        ],[0.45047215 0.22410141 1.1762527 ],[-0.00619183  0.2558906   1.3910468 ],[ 0.12595378 -0.01198794  1.7142328 ],[ 0.22870675 -0.16532077  0.11348474],[ 0.12183771 -0.13148107  0.11598164]
377,[ 0.12731263 -0.11438566  1.        ],[0.44854063 0.22095096 1.1286423 ],[-0.04674702  0.28044176  1.3250637 ],[ 0.12683037 -0.02549398  1.7141011 ],[ 0.22474983 -0.17297077  0.10966516],[ 0.12071415 -0.13317037  0.11327732]
378,[ 0.12783846 -0.12611437  1.        ],[0.4405725 0.1936354 1.0847472],[-0.04602573  0.3197832   1.2170085 ],[ 0.12703238 -0.04162473  1.7134491 ],[ 0.22446002 -0.1700123   0.11519307],[ 0.124598   -0.12913436  0.11652339]
379,[ 0.12849215 -0.13770716  1.        ],[0.46388873 0.11032046 0.99893093],[-0.08398998  0.28933898  1.1139662 ],[ 0.12759092 -0.05733047  1.7116967 ],[ 0.21936986 -0.17344873  0.10986531],[ 0.12331022 -0.13315354  0.11244607]
380,[ 0.12929155 -0.14914538  1.        ],[0.4705672  0.00531392 0.9241306 ],[-0.06521342  0.23621164  1.0305994 ],[ 0.1320006  -0.06566723  1.7142135 ],[ 0.21997462 -0.18083628  0.1079604 ],[ 0.12253582 -0.14581372  0.10961384]
381,[ 0.13025454 -0.1604104   1.        ],[ 0.45759702 -0.08854771  0.82003677],[-0.04666327  0.05200672  0.8345382 ],[ 0.13566872 -0.07240898  1.7167038 ],[ 0.21836437 -0.19088805  0.09975374],[ 0.11928059 -0.15574431  0.10097754]
382,[ 0.13139896 -0.17148359  1.        ],[ 0.43837482 -0.10939362  0.7877997 ],[-0.05699733 -0.01291939  0.81959325],[ 0.13695206 -0.08514633  1.7203295 ],[ 0.2092286  -0.20093341  0.1038689 ],[ 0.11152504 -0.16558488  0.10855073]
383,[ 0.13274266 -0.18234631  1.        ],[ 0.40176335 -0.13378277  0.76306856],[-0.0652208  -0.11497763  0.7656611 ],[ 0.13742013 -0.08985874  1.7179562 ],[ 0.21245119 -0.2270728   0.0979228 ],[ 0.11034505 -0.1925287   0.10076177]
384,[ 0.13430351 -0.19297992  1.        ],[ 0.37141123 -0.1584097   0.7571969 ],[-0.06854378 -0.15718465  0.75588006],[ 0.1382221  -0.10168801  1.7160232 ],[ 0.20829323 -0.256881    0.09721941],[ 0.10294914 -0.221328    0.10048294]
385,[ 0.13609937 -0.20336577  1.        ],[ 0.35285205 -0.17270038  0.75733316],[-0.06102933 -0.17551497  0.75652647],[ 0.14087532 -0.10755333  1.7162434 ],[ 0.20898566 -0.26993152  0.099536  ],[ 0.10648812 -0.24542639  0.09967953]
386,[ 0.13814807 -0.21348524  1.        ],[ 0.33825675 -0.18180412  0.7630234 ],[-0.04722454 -0.20132947  0.7614486 ],[ 0.14318018 -0.12100279  1.7193731 ],[ 0.21315983 -0.27998447  0.09993851],[ 0.10836465 -0.2572416   0.1012454 ]
387,[ 0.14046748 -0.22331968  1.        ],[ 0.325465   -0.19746682  0.7699263 ],[-0.03174734 -0.20870104  0.7669296 ],[ 0.14824866 -0.13223681  1.7173228 ],[ 0.21375912 -0.2875726   0.10309339],[ 0.11056402 -0.26193985  0.10383546]
388,[ 0.14307547 -0.23285045  1.        ],[ 0.31379893 -0.21206023  0.77097845],[-0.02615617 -0.23217817  0.77444655],[ 0.15661399 -0.14160742  1.7198251 ],[ 0.2128718  -0.29905304  0.10284281],[ 0.10657395 -0.27926418  0.10210419]
389,[ 0.14598987 -0.24205892  1.        ],[ 0.3124646 -0.2192261  0.7720442],[-0.01908998 -0.2513883   0.78172874],[ 0.16037005 -0.15363215  1.719796  ],[ 0.21516934 -0.30565953  0.1044156 ],[ 0.11196742 -0.2888577   0.10113275]
390,[ 0.14922854 -0.25092646  1.        ],[ 0.31115142 -0.23184559  0.77344483],[-0.01395661 -0.26738754  0.78629893],[ 0.16558138 -0.1646587   1.7201842 ],[ 0.22018155 -0.3130348   0.10539377],[ 0.1137213  -0.29823795  0.10378623]
391,[ 0.15280935 -0.2594344   1.        ],[ 0.31549954 -0.23644473  0.7743489 ],[-0.02127965 -0.28094965  0.79182434],[ 0.16915452 -0.1710455   1.7199116 ],[ 0.21932697 -0.32173532  0.10422957],[ 0.11234058 -0.30295795  0.10416073]
392,[ 0.15675014 -0.26756415  1.        ],[ 0.32405716 -0.24437377  0.77361774],[-0.02622809 -0.29889902  0.79810077],[ 0.17392978 -0.17901662  1.7200916 ],[ 0.2216026  -0.32794186  0.10459375],[ 0.11654287 -0.30374822  0.10593575]
393,[ 0.16106878 -0.27529705  1.        ],[ 0.33796692 -0.25349897  0.77783024],[-0.02837304 -0.3137375   0.7976688 ],[ 0.17960201 -0.18712823  1.718282  ],[ 0.22298227 -0.3369621   0.1050536 ],[ 0.11926484 -0.31062996  0.1063745 ]
394,[ 0.16578312 -0.28261444  1.        ],[ 0.35345283 -0.25763282  0.77331257],[-0.032395   -0.31532827  0.7934714 ],[ 0.18454264 -0.19496675  1.7195626 ],[ 0.22966847 -0.3425564   0.10487485],[ 0.12449584 -0.31935146  0.10514915]
395,[ 0.17091101 -0.2894977   1.        ],[ 0.36406627 -0.271049    0.765936  ],[-0.03132121 -0.30705962  0.7891366 ],[ 0.19019002 -0.19939353  1.7182913 ],[ 0.23494804 -0.35313544  0.10514629],[ 0.1338336  -0.32532975  0.10548013]
396,[ 0.17647031 -0.29592818  1.        ],[ 0.38591594 -0.28382605  0.7581942 ],[-0.04506951 -0.30210525  0.7802136 ],[ 0.19665632 -0.20532914  1.719256  ],[ 0.2341366  -0.3697973   0.10158479],[ 0.1315652  -0.33765656  0.10349607]
397,[ 0.18247887 -0.30188727  1.        ],[ 0.4117592  -0.26395655  0.7502875 ],[-0.03951528 -0.29247826  0.7728959 ],[ 0.20468646 -0.21052396  1.7201345 ],[ 0.23604476 -0.37564498  0.10070568],[ 0.1317758  -0.3388465   0.10461676]
398,[ 0.18895456 -0.30735633  1.        ],[ 0.4323399  -0.25570396  0.7514399 ],[-0.03355571 -0.29424706  0.77040946],[ 0.2050838  -0.21582982  1.7194511 ],[ 0.23451161 -0.37219617  0.10042024],[ 0.13492742 -0.3404481   0.10590863]
399,[ 0.19591522 -0.3123167   1.        ],[ 0.45292088 -0.2515969   0.75132126],[-0.0259943  -0.28267834  0.7654532 ],[ 0.21262848 -0.21984366  1.7179325 ],[ 0.2389245  -0.36955753  0.10348725],[ 0.14027661 -0.34147087  0.10814315]
400,[ 0.2033787  -0.31674972  1.        ],[ 0.46666455 -0.24828659  0.75713265],[-0.01840419 -0.27911583  0.7600263 ],[ 0.22202617 -0.2161399   1.713778  ],[ 0.24633333 -0.36527953  0.10187942],[ 0.14612356 -0.3331481   0.1084767 ]
401,[ 0.2113629 -0.3206368  1.       ],[ 0.48100796 -0.23460878  0.76468515],[ 0.00229449 -0.27149576  0.7665154 ],[ 0.22902927 -0.22243775  1.7140639 ],[ 0.2529128  -0.37134105  0.09678257],[ 0.15427966 -0.33380562  0.10346079]
402,[ 0.2198856  -0.32395932  1.        ],[ 0.4899504  -0.22423819  0.7791132 ],[ 0.02503192 -0.2539499   0.77192056],[ 0.23380485 -0.22725251  1.712237  ],[ 0.2666365  -0.37570396  0.0982278 ],[ 0.16501375 -0.33362213  0.1022591 ]
403,[ 0.22896473 -0.32669857  1.        ],[ 0.4988044  -0.22207972  0.7970207 ],[ 0.05918574 -0.20845404  0.7895154 ],[ 0.24105562 -0.22833547  1.7137997 ],[ 0.2769642  -0.37711468  0.09972858],[ 0.17262805 -0.3343263   0.10327375]
404,[ 0.23861809 -0.32883596  1.        ],[ 0.5057723  -0.18157387  0.8186199 ],[ 0.09623723 -0.16753614  0.8088777 ],[ 0.25054502 -0.2298783   1.7159377 ],[ 0.28932893 -0.37616324  0.10200274],[ 0.18466802 -0.32870024  0.10658801]
405,[ 0.24886356 -0.33035284  1.        ],[ 0.5043504  -0.15579337  0.835911  ],[ 0.13337667 -0.135077    0.8210114 ],[ 0.26016966 -0.23137116  1.7129185 ],[ 0.29301238 -0.37634492  0.10328335],[ 0.18669231 -0.32100147  0.11154795]
406,[ 0.259719   -0.33123058  1.        ],[ 0.5058541  -0.12845622  0.85830307],[ 0.16815881 -0.12337302  0.8406078 ],[ 0.27046725 -0.23408245  1.7108703 ],[ 0.30357802 -0.38236958  0.10664082],[ 0.19666962 -0.3236397   0.11459309]
407,[ 0.27120227 -0.33145052  1.        ],[ 0.50661707 -0.09918892  0.87457824],[ 0.19050927 -0.09304433  0.86161345],[ 0.28275567 -0.23212074  1.7101893 ],[ 0.31278434 -0.38262188  0.10754007],[ 0.2048554  -0.32361954  0.11545348]
408,[ 0.28333122 -0.33099404  1.        ],[ 0.5071945 -0.0847384  0.8922151],[ 0.21206819 -0.07723489  0.88072634],[ 0.29434553 -0.23885497  1.7137778 ],[ 0.3175453  -0.38444188  0.11124891],[ 0.20959897 -0.32195202  0.12140375]
409,[ 0.29612365 -0.32984248  1.        ],[ 0.5079491  -0.07807837  0.89995646],[ 0.23190242 -0.05860429  0.8926111 ],[ 0.30669484 -0.2321525   1.7099777 ],[ 0.33026797 -0.3878055   0.11401492],[ 0.22329949 -0.3271443   0.12263447]
410,[ 0.30959752 -0.32797724  1.        ],[ 0.50304526 -0.09472115  0.88945377],[ 0.24991702 -0.04829885  0.8965759 ],[ 0.32092467 -0.22956617  1.7071404 ],[ 0.33997622 -0.38303047  0.11797392],[ 0.23637897 -0.3235203   0.12673181]
411,[ 0.3237706  -0.32537967  1.        ],[ 0.5047521  -0.11160899  0.8738518 ],[ 0.262144   -0.05439056  0.8943707 ],[ 0.33763546 -0.22405279  1.7057503 ],[ 0.34858042 -0.38409746  0.12071192],[ 0.24829066 -0.32727993  0.12709802]
412,[ 0.33866078 -0.3220311   1.        ],[ 0.510378   -0.11741881  0.86078626],[ 0.27705947 -0.05872606  0.8820133 ],[ 0.35265455 -0.21910982  1.7054931 ],[ 0.3633777  -0.38481     0.12109852],[ 0.26232898 -0.32646897  0.12642443]
